YearMonth,Portfolio Returns,Portfolio
1929-04,0.01686733,Formula
1929-05,-0.0484800202020202,Formula
1929-06,0.08419478787878787,Formula
1929-07,0.04699497959183673,Formula
1929-08,0.05525637113402061,Formula
1929-09,-0.022422642857142856,Formula
1929-10,-0.13469294897959183,Formula
1929-11,-0.09544424,Formula
1929-12,0.012467868686868689,Formula
1930-01,0.048856636038639996,Formula
1930-02,0.017448867346938776,Formula
1930-03,0.0565559797979798,Formula
1930-04,-0.03638962626262626,Formula
1930-05,-0.004281505154639175,Formula
1930-06,-0.11186824468085106,Formula
1930-07,0.01758831,Formula
1930-08,0.008124939393939394,Formula
1930-09,-0.08899295,Formula
1930-10,-0.059974102040816324,Formula
1930-11,-0.01742882474226804,Formula
1930-12,-0.07975223469387754,Formula
1931-01,0.08405539393939394,Formula
1931-02,0.08922775757575759,Formula
1931-03,-0.039359,Formula
1931-04,-0.10223414141414142,Formula
1931-05,-0.10250414285714285,Formula
1931-06,0.11388586734693877,Formula
1931-07,-0.031108990000000003,Formula
1931-08,-0.003256319587628866,Formula
1931-09,-0.2688217244897959,Formula
1931-10,0.11751041414141414,Formula
1931-11,-0.054820070707070706,Formula
1931-12,-0.11227434693877551,Formula
1932-01,0.02914425,Formula
1932-02,0.03301323,Formula
1932-03,-0.08652924000000001,Formula
1932-04,-0.16309265,Formula
1932-05,-0.21701004999999998,Formula
1932-06,0.045859727272727274,Formula
1932-07,0.29818556,Formula
1932-08,0.29549172,Formula
1932-09,-0.02023397,Formula
1932-10,-0.10522914141414141,Formula
1932-11,-0.032362606060606064,Formula
1932-12,0.019386734693877552,Formula
1933-01,0.046213670000000005,Formula
1933-02,-0.10104817,Formula
1933-03,0.09551222222222222,Formula
1933-04,0.3257813,Formula
1933-05,0.26860314141414143,Formula
1933-06,0.12740791919191918,Formula
1933-07,-0.09652896,Formula
1933-08,0.15180338,Formula
1933-09,-0.06985904999999999,Formula
1933-10,-0.07418421212121212,Formula
1933-11,0.07718211,Formula
1933-12,0.02935693,Formula
1934-01,0.16025908,Formula
1934-02,-0.007211609999999999,Formula
1934-03,0.02784515306122449,Formula
1934-04,0.011535343434343434,Formula
1934-05,-0.07387866,Formula
1934-06,0.04422968,Formula
1934-07,-0.0891250808080808,Formula
1934-08,0.0546418,Formula
1934-09,-0.00045014141414141407,Formula
1934-10,0.01619502,Formula
1934-11,0.09085948999999999,Formula
1934-12,0.02680136,Formula
1935-01,-0.012952239999999999,Formula
1935-02,0.02431865,Formula
1935-03,-0.028459561224489796,Formula
1935-04,0.05569008,Formula
1935-05,0.00966754,Formula
1935-06,0.05219968,Formula
1935-07,0.06391843999999999,Formula
1935-08,0.01615142,Formula
1935-09,0.025211570000000003,Formula
1935-10,0.05914614,Formula
1935-11,0.025056469387755104,Formula
1935-12,0.03154594,Formula
1936-01,0.07171002,Formula
1936-02,0.02445624,Formula
1936-03,0.005485857142857142,Formula
1936-04,-0.09236745,Formula
1936-05,0.04231583,Formula
1936-06,0.019780730000000003,Formula
1936-07,0.07212087878787879,Formula
1936-08,0.02665051515151515,Formula
1936-09,0.032323819999999996,Formula
1936-10,0.05900635353535354,Formula
1936-11,0.06056514141414142,Formula
1936-12,0.0003567830607575752,Formula
1937-01,0.032629252525252526,Formula
1937-02,0.01732566,Formula
1937-03,-0.00289540404040404,Formula
1937-04,-0.07913218,Formula
1937-05,-0.01375321212121212,Formula
1937-06,-0.04458008,Formula
1937-07,0.07008431,Formula
1937-08,-0.03073810101010101,Formula
1937-09,-0.1584370606060606,Formula
1937-10,-0.09554292,Formula
1937-11,-0.1011652,Formula
1937-12,-0.06581191,Formula
1938-01,0.034081230000000004,Formula
1938-02,0.0462539797979798,Formula
1938-03,-0.21700432323232324,Formula
1938-04,0.14742864,Formula
1938-05,-0.02457453,Formula
1938-06,0.19218306,Formula
1938-07,0.07495892929292929,Formula
1938-08,-0.028769393939393942,Formula
1938-09,-0.004677333333333333,Formula
1938-10,0.09642133,Formula
1938-11,-0.00045328000000000035,Formula
1938-12,0.02215811111111111,Formula
1939-01,-0.03903794949494949,Formula
1939-02,0.049315660000000004,Formula
1939-03,-0.08985984999999999,Formula
1939-04,0.0030296400000000005,Formula
1939-05,0.08454419191919192,Formula
1939-06,-0.036185353535353536,Formula
1939-07,0.07814909,Formula
1939-08,-0.060249439999999994,Formula
1939-09,0.09917225,Formula
1939-10,0.03990478,Formula
1939-11,-0.0057266700000000005,Formula
1939-12,0.029508299999999998,Formula
1940-01,0.011699190000000002,Formula
1940-02,0.023542800000000003,Formula
1940-03,0.01803364,Formula
1940-04,0.00544176,Formula
1940-05,-0.22408412,Formula
1940-06,0.07299259,Formula
1940-07,0.03304316,Formula
1940-08,0.01679145,Formula
1940-09,0.03232056,Formula
1940-10,0.022634210000000002,Formula
1940-11,0.0038986199999999993,Formula
1940-12,0.0020625,Formula
1941-01,-0.00695155,Formula
1941-02,-0.006552359999999999,Formula
1941-03,0.006438189999999999,Formula
1941-04,-0.03470354,Formula
1941-05,0.00695925,Formula
1941-06,0.04046173,Formula
1941-07,0.07713647,Formula
1941-08,0.00022202000000000007,Formula
1941-09,-0.01042292,Formula
1941-10,-0.04080296,Formula
1941-11,-0.00609943,Formula
1941-12,-0.05938224,Formula
1942-01,0.08255447,Formula
1942-02,-0.01745416,Formula
1942-03,-0.03970585858585859,Formula
1942-04,-0.043374819999999994,Formula
1942-05,0.029857179999999997,Formula
1942-06,0.02099748,Formula
1942-07,0.038158029999999996,Formula
1942-08,0.027656589999999998,Formula
1942-09,0.01918908,Formula
1942-10,0.06288418,Formula
1942-11,0.004613870000000001,Formula
1942-12,0.04286352,Formula
1943-01,0.09972802,Formula
1943-02,0.08343795999999999,Formula
1943-03,0.09589161,Formula
1943-04,0.01519878,Formula
1943-05,0.061638849999999995,Formula
1943-06,0.02616251515151515,Formula
1943-07,-0.050178878787878786,Formula
1943-08,0.011816434343434342,Formula
1943-09,0.03033372727272727,Formula
1943-10,-0.00202513,Formula
1943-11,-0.056957709999999995,Formula
1943-12,0.07768884,Formula
1944-01,0.0295766,Formula
1944-02,0.01112511,Formula
1944-03,0.037644989999999996,Formula
1944-04,-0.02359111,Formula
1944-05,0.05503341,Formula
1944-06,0.07216247,Formula
1944-07,-0.00414260606060606,Formula
1944-08,0.03048565,Formula
1944-09,0.00870326,Formula
1944-10,0.00892601,Formula
1944-11,0.02460642,Formula
1944-12,0.05553200999999999,Formula
1945-01,0.036838,Formula
1945-02,0.07266704,Formula
1945-03,-0.036137709999999997,Formula
1945-04,0.08314678,Formula
1945-05,0.01586349,Formula
1945-06,-0.0016024999999999995,Formula
1945-07,-0.019198649999999998,Formula
1945-08,0.05985461,Formula
1945-09,0.06051037,Formula
1945-10,0.06760394,Formula
1945-11,0.0772617,Formula
1945-12,0.013613839999999999,Formula
1946-01,0.08275242000000001,Formula
1946-02,-0.05455247,Formula
1946-03,0.07042715999999999,Formula
1946-04,0.06975351,Formula
1946-05,0.05356007,Formula
1946-06,-0.05081915000000001,Formula
1946-07,-0.02313374,Formula
1946-08,-0.05788893,Formula
1946-09,-0.10243672,Formula
1946-10,-0.00305320202020202,Formula
1946-11,0.007629222222222222,Formula
1946-12,0.041791828282828285,Formula
1947-01,0.0014823800000000004,Formula
1947-02,-0.0015693699999999998,Formula
1947-03,-0.02512254,Formula
1947-04,-0.053303039999999996,Formula
1947-05,-0.02170158,Formula
1947-06,0.04183084,Formula
1947-07,0.05162929,Formula
1947-08,-0.00253381,Formula
1947-09,0.0095885,Formula
1947-10,0.03598253,Formula
1947-11,-0.00699213,Formula
1947-12,0.03361669,Formula
1948-01,-0.02566582,Formula
1948-02,-0.044826899999999996,Formula
1948-03,0.06883049,Formula
1948-04,0.03854425,Formula
1948-05,0.07918922,Formula
1948-06,-0.005466489999999998,Formula
1948-07,-0.049090879999999996,Formula
1948-08,0.01122128,Formula
1948-09,-0.02711079,Formula
1948-10,0.045847639999999995,Formula
1948-11,-0.08117407,Formula
1948-12,0.01883671,Formula
1949-01,0.00871165,Formula
1949-02,-0.03246324,Formula
1949-03,0.04687795,Formula
1949-04,-0.02771939,Formula
1949-05,-0.02492897,Formula
1949-06,-0.00868589,Formula
1949-07,0.05856874,Formula
1949-08,0.03445373,Formula
1949-09,0.02129606,Formula
1949-10,0.03339702,Formula
1949-11,0.03019747,Formula
1949-12,0.05433274,Formula
1950-01,0.03133876,Formula
1950-02,0.026069110000000003,Formula
1950-03,0.00375838,Formula
1950-04,0.02913349,Formula
1950-05,0.04000617,Formula
1950-06,-0.05792752,Formula
1950-07,0.048103150000000004,Formula
1950-08,0.07055818999999999,Formula
1950-09,0.051702029999999996,Formula
1950-10,0.00774101,Formula
1950-11,0.03606724,Formula
1950-12,0.06054853,Formula
1951-01,0.08526730303030304,Formula
1951-02,0.0052065959595959605,Formula
1951-03,-0.03194570707070707,Formula
1951-04,0.05355967,Formula
1951-05,-0.01659689,Formula
1951-06,-0.05381294,Formula
1951-07,0.06883936,Formula
1951-08,0.055578667195779995,Formula
1951-09,0.024426171717171714,Formula
1951-10,-0.0237531,Formula
1951-11,0.004636550000000001,Formula
1951-12,0.021800419999999997,Formula
1952-01,0.01961585,Formula
1952-02,-0.02263302,Formula
1952-03,0.040809410000000004,Formula
1952-04,-0.042577790000000004,Formula
1952-05,0.02913009,Formula
1952-06,0.03124894,Formula
1952-07,0.02042187,Formula
1952-08,0.0023891,Formula
1952-09,-0.01132777,Formula
1952-10,-0.00426938603792,Formula
1952-11,0.05291338383838384,Formula
1952-12,0.03080321212121212,Formula
1953-01,0.03272878,Formula
1953-02,0.0157964,Formula
1953-03,-0.01048194,Formula
1953-04,-0.02229091,Formula
1953-05,0.01958135,Formula
1953-06,-0.02517213,Formula
1953-07,0.011709653725656567,Formula
1953-08,-0.035989714285714285,Formula
1953-09,-0.004661367346938776,Formula
1953-10,0.03731856,Formula
1953-11,0.02255039,Formula
1953-12,0.00715492,Formula
1954-01,0.04555699,Formula
1954-02,0.020404580000000002,Formula
1954-03,0.028102230000000002,Formula
1954-04,0.01638588,Formula
1954-05,0.036718350000000004,Formula
1954-06,0.02352445,Formula
1954-07,0.06236924,Formula
1954-08,-0.01490788,Formula
1954-09,0.04921221,Formula
1954-10,0.00400655,Formula
1954-11,0.1114758,Formula
1954-12,0.056397079999999995,Formula
1955-01,0.022321149999999998,Formula
1955-02,0.04913189,Formula
1955-03,0.011644209999999999,Formula
1955-04,0.02330042424242424,Formula
1955-05,0.0051425858585858585,Formula
1955-06,0.03754855555555556,Formula
1955-07,0.01893751,Formula
1955-08,0.014208444444444444,Formula
1955-09,-0.01343420202020202,Formula
1955-10,-0.00692526,Formula
1955-11,0.05098376,Formula
1955-12,0.01560709,Formula
1956-01,-0.02104295,Formula
1956-02,0.02682688,Formula
1956-03,0.05492343,Formula
1956-04,0.014932104861400002,Formula
1956-05,-0.04140743434343434,Formula
1956-06,0.02162318181818182,Formula
1956-07,0.04719108,Formula
1956-08,-0.02294502,Formula
1956-09,-0.0382199,Formula
1956-10,0.01808504,Formula
1956-11,0.010747610000000001,Formula
1956-12,0.03037769,Formula
1957-01,-1.7319999999999834e-05,Formula
1957-02,-0.014291370000000001,Formula
1957-03,0.02127715,Formula
1957-04,0.026478960000000003,Formula
1957-05,0.019276363636363637,Formula
1957-06,-0.008449848484848485,Formula
1957-07,0.005582282828282828,Formula
1957-08,-0.027646959595959593,Formula
1957-09,-0.032777878787878786,Formula
1957-10,-0.039402179999999995,Formula
1957-11,0.02866034,Formula
1957-12,-0.02154524,Formula
1958-01,0.07229639,Formula
1958-02,0.00902076,Formula
1958-03,0.04183083,Formula
1958-04,0.03546091,Formula
1958-05,0.029553189999999997,Formula
1958-06,0.022459259999999998,Formula
1958-07,0.02260915,Formula
1958-08,0.02633918,Formula
1958-09,0.04188643464578,Formula
1958-10,0.026822949494949497,Formula
1958-11,0.04401372727272727,Formula
1958-12,0.03950128282828283,Formula
1959-01,0.042690099999999995,Formula
1959-02,0.033585111111111114,Formula
1959-03,0.01098139393939394,Formula
1959-04,0.025744160000000002,Formula
1959-05,0.02417539,Formula
1959-06,0.01211048,Formula
1959-07,0.03597964,Formula
1959-08,-0.011826050000000001,Formula
1959-09,-0.035862120000000004,Formula
1959-10,0.024599470000000002,Formula
1959-11,0.01924347,Formula
1959-12,0.022873474747474747,Formula
1960-01,-0.028890440000000003,Formula
1960-02,0.01238846,Formula
1960-03,-0.015531999999999999,Formula
1960-04,-0.0072200909090909095,Formula
1960-05,0.021622929292929294,Formula
1960-06,0.033642012687171714,Formula
1960-07,-0.0025102525252525248,Formula
1960-08,0.0339689393939394,Formula
1960-09,-0.03891530612244898,Formula
1960-10,-0.00295454,Formula
1960-11,0.04461089,Formula
1960-12,0.03490186,Formula
1961-01,0.06589836,Formula
1961-02,0.05426596,Formula
1961-03,0.04021235,Formula
1961-04,0.018204249999999998,Formula
1961-05,0.03823307,Formula
1961-06,-0.021465960000000003,Formula
1961-07,0.01054311111111111,Formula
1961-08,0.028688636363636364,Formula
1961-09,-0.020334969696969695,Formula
1961-10,0.029250474747474747,Formula
1961-11,0.04254516161616162,Formula
1961-12,-0.0013900918367346937,Formula
1962-01,-0.006969276120120001,Formula
1962-02,0.01985692929292929,Formula
1962-03,-0.003147444444444444,Formula
1962-04,-0.046091389999999996,Formula
1962-05,-0.07114603,Formula
1962-06,-0.05659009,Formula
1962-07,0.047071272727272725,Formula
1962-08,0.020810838383838383,Formula
1962-09,-0.037392797979797984,Formula
1962-10,-0.00227427,Formula
1962-11,0.09404254999999999,Formula
1962-12,0.01341781,Formula
1963-01,0.0707595,Formula
1963-02,-0.00216768,Formula
1963-03,0.03309783,Formula
1963-04,0.04800344,Formula
1963-05,0.0305899693877551,Formula
1963-06,-0.005483540816326531,Formula
1963-07,-0.00993069696969697,Formula
1963-08,0.0524810202020202,Formula
1963-09,-0.026316555555555555,Formula
1963-10,0.019306030000000002,Formula
1963-11,-0.00405857,Formula
1963-12,0.02372465,Formula
1964-01,0.02471630303030303,Formula
1964-02,0.021106666666666666,Formula
1964-03,0.02807060606060606,Formula
1964-04,0.00875286,Formula
1964-05,0.016694070000000002,Formula
1964-06,0.021099350000000003,Formula
1964-07,0.03155046,Formula
1964-08,-0.006574343434343434,Formula
1964-09,0.03199742857142857,Formula
1964-10,0.02550268,Formula
1964-11,0.00476682,Formula
1964-12,-0.0013852451607,Formula
1965-01,0.050011200000000006,Formula
1965-02,0.03502332,Formula
1965-03,0.0007088899999999996,Formula
1965-04,0.03338112121212121,Formula
1965-05,0.00112419387755102,Formula
1965-06,-0.05868626804123711,Formula
1965-07,0.031440130000000004,Formula
1965-08,0.0331597188308,Formula
1965-09,0.03366369696969697,Formula
1965-10,0.03642443,Formula
1965-11,0.01477469696969697,Formula
1965-12,0.018917424242424243,Formula
1966-01,0.03790882653061225,Formula
1966-02,0.0025334545454545453,Formula
1966-03,-0.02057128282828283,Formula
1966-04,0.02501970707070707,Formula
1966-05,-0.061811189999999995,Formula
1966-06,-0.01380793,Formula
1966-07,-0.0032790399999999996,Formula
1966-08,-0.07249483838383838,Formula
1966-09,-0.006395695171313132,Formula
1966-10,0.027424979797979795,Formula
1966-11,0.006781434343434344,Formula
1966-12,0.013635606060606062,Formula
1967-01,0.08410882000000001,Formula
1967-02,0.00493024,Formula
1967-03,0.034312300000000004,Formula
1967-04,0.027128290000000003,Formula
1967-05,-0.01622933,Formula
1967-06,0.02795184693877551,Formula
1967-07,0.07801905050505051,Formula
1967-08,0.011276949494949494,Formula
1967-09,0.017296212121212122,Formula
1967-10,-0.03879641414141414,Formula
1967-11,-0.0012178888888888884,Formula
1967-12,0.04385217171717171,Formula
1968-01,0.011799814432989691,Formula
1968-02,-0.020293917525773197,Formula
1968-03,-0.006357752577319588,Formula
1968-04,0.08795021,Formula
1968-05,0.03600023469387755,Formula
1968-06,0.03488413131313131,Formula
1968-07,-0.011898808080808081,Formula
1968-08,0.035192242424242424,Formula
1968-09,0.05077473195876289,Formula
1968-10,0.028859292929292926,Formula
1968-11,0.07759196907216495,Formula
1968-12,-0.01605217708333333,Formula
1969-01,0.01220127,Formula
1969-02,-0.05489827,Formula
1969-03,0.01613269696969697,Formula
1969-04,0.0032689200000000002,Formula
1969-05,-0.003953070707070707,Formula
1969-06,-0.08621931632653061,Formula
1969-07,-0.045957676767676765,Formula
1969-08,0.02752759595959596,Formula
1969-09,-0.009318333333333333,Formula
1969-10,0.06541311,Formula
1969-11,-0.032729339999999996,Formula
1969-12,-0.01804756,Formula
1970-01,-0.04658131,Formula
1970-02,0.06068402,Formula
1970-03,0.01059387,Formula
1970-04,-0.09065308,Formula
1970-05,-0.07543208,Formula
1970-06,-0.011689370000000001,Formula
1970-07,0.06603376,Formula
1970-08,0.02447882,Formula
1970-09,0.03233263,Formula
1970-10,-0.00869910101010101,Formula
1970-11,0.06733555555555555,Formula
1970-12,0.06489921212121212,Formula
1971-01,0.05648615151515152,Formula
1971-02,0.009577767676767678,Formula
1971-03,0.03198084848484848,Formula
1971-04,0.04371358,Formula
1971-05,-0.03120594,Formula
1971-06,0.0020609795918367347,Formula
1971-07,-0.037993870000000006,Formula
1971-08,0.06651674,Formula
1971-09,-0.00958054,Formula
1971-10,-0.04567811,Formula
1971-11,-0.00829189,Formula
1971-12,0.09170678,Formula
1972-01,0.02801280808080808,Formula
1972-02,0.032258747474747475,Formula
1972-03,0.011239040404040404,Formula
1972-04,-0.00023288888888888882,Formula
1972-05,-0.0004419595959595961,Formula
1972-06,-0.017837777777777775,Formula
1972-07,-0.0030896969696969684,Formula
1972-08,0.03269944444444445,Formula
1972-09,-0.01588510101010101,Formula
1972-10,0.02469795,Formula
1972-11,0.05218265,Formula
1972-12,0.00163411,Formula
1973-01,-0.03373297,Formula
1973-02,-0.03382234693877551,Formula
1973-03,-0.00023419387755102043,Formula
1973-04,-0.02183941,Formula
1973-05,-0.011479220000000002,Formula
1973-06,-0.014309309999999999,Formula
1973-07,0.021234700000000002,Formula
1973-08,-0.01940446,Formula
1973-09,0.09060129,Formula
1973-10,0.01626576,Formula
1973-11,-0.09685503000000001,Formula
1973-12,0.05189978,Formula
1974-01,0.03643261,Formula
1974-02,0.022202410000000002,Formula
1974-03,-0.03200368,Formula
1974-04,-0.04729959,Formula
1974-05,-0.05462993,Formula
1974-06,-0.01129132,Formula
1974-07,-0.0234309,Formula
1974-08,-0.060682599999999996,Formula
1974-09,-0.05699176,Formula
1974-10,0.10821907,Formula
1974-11,-0.027041310000000002,Formula
1974-12,-0.01215476,Formula
1975-01,0.19621439,Formula
1975-02,0.02316628,Formula
1975-03,0.04296348,Formula
1975-04,0.045096800000000006,Formula
1975-05,0.045693859999999996,Formula
1975-06,0.0523913,Formula
1975-07,-0.03836021,Formula
1975-08,-0.00769696,Formula
1975-09,-0.018114460000000002,Formula
1975-10,0.05799284848484848,Formula
1975-11,0.04549769696969697,Formula
1975-12,-0.0024490309278350515,Formula
1976-01,0.15524482,Formula
1976-02,0.04078090909090909,Formula
1976-03,0.00848427272727273,Formula
1976-04,-0.008925980000000002,Formula
1976-05,-0.013771420000000001,Formula
1976-06,0.05964883000000001,Formula
1976-07,0.0032523131313131315,Formula
1976-08,-0.0028209587628865982,Formula
1976-09,0.01614020202020202,Formula
1976-10,-0.00801909,Formula
1976-11,0.02795844,Formula
1976-12,0.08238211,Formula
1977-01,-0.00774125,Formula
1977-02,-0.00934823,Formula
1977-03,0.00713145,Formula
1977-04,0.02243143,Formula
1977-05,0.008941989898989899,Formula
1977-06,0.048698303030303036,Formula
1977-07,-0.0007051099999999997,Formula
1977-08,-0.02304576,Formula
1977-09,0.00834852,Formula
1977-10,-0.025753696969696968,Formula
1977-11,0.05880972727272727,Formula
1977-12,0.006352632653061224,Formula
1978-01,-0.04646140404040404,Formula
1978-02,0.006080494949494949,Formula
1978-03,0.03469966666666667,Formula
1978-04,0.051915829999999996,Formula
1978-05,0.0274087,Formula
1978-06,0.00953666,Formula
1978-07,0.04676686,Formula
1978-08,0.058034333333333334,Formula
1978-09,-0.023626797979797977,Formula
1978-10,-0.11736675,Formula
1978-11,0.01973505,Formula
1978-12,0.02433926,Formula
1979-01,0.058664060000000004,Formula
1979-02,-0.032639339999999996,Formula
1979-03,0.05519462,Formula
1979-04,0.01387586,Formula
1979-05,-0.0168653,Formula
1979-06,0.04524654,Formula
1979-07,0.02064449,Formula
1979-08,0.0655127,Formula
1979-09,0.005375250000000001,Formula
1979-10,-0.07684822,Formula
1979-11,0.06822884,Formula
1979-12,0.03091602,Formula
1980-01,0.07983682,Formula
1980-02,0.0018112999999999992,Formula
1980-03,-0.13291205,Formula
1980-04,0.04680396,Formula
1980-05,0.08974689,Formula
1980-06,0.03177504040404041,Formula
1980-07,0.06038804,Formula
1980-08,0.012892505050505052,Formula
1980-09,0.021619717171717172,Formula
1980-10,0.029733653609480003,Formula
1980-11,0.06287917171717171,Formula
1980-12,-0.004744822916666668,Formula
1981-01,-0.01236212,Formula
1981-02,0.03545839,Formula
1981-03,0.07007424000000001,Formula
1981-04,0.016967080000000002,Formula
1981-05,0.024778070707070707,Formula
1981-06,0.008438343434343435,Formula
1981-07,-0.03240806060606061,Formula
1981-08,-0.04900319191919192,Formula
1981-09,-0.038794828282828285,Formula
1981-10,0.06735202,Formula
1981-11,0.04134108,Formula
1981-12,-0.02023826,Formula
1982-01,-0.00406091,Formula
1982-02,-0.0016653099999999995,Formula
1982-03,0.00992726,Formula
1982-04,0.04590755,Formula
1982-05,-0.02661202,Formula
1982-06,-0.0061741919191919195,Formula
1982-07,0.003265383838383838,Formula
1982-08,0.08896889898989899,Formula
1982-09,0.04078528282828283,Formula
1982-10,0.09535262,Formula
1982-11,0.06600364646464646,Formula
1982-12,0.016235704081632652,Formula
1983-01,0.0026105000000000004,Formula
1983-02,0.05661088775510204,Formula
1983-03,0.05934155102040816,Formula
1983-04,0.07477863636363637,Formula
1983-05,0.009701212121212121,Formula
1983-06,0.03308729292929293,Formula
1983-07,-0.020494340000000003,Formula
1983-08,-0.00976827,Formula
1983-09,0.04406994,Formula
1983-10,-0.017734510000000002,Formula
1983-11,0.043344930000000004,Formula
1983-12,0.0048841200000000005,Formula
1984-01,-0.0095301,Formula
1984-02,-0.03836650505050505,Formula
1984-03,0.02949880808080808,Formula
1984-04,0.01471895,Formula
1984-05,-0.03737259,Formula
1984-06,0.03093432,Formula
1984-07,-0.008497020000000001,Formula
1984-08,0.08996957,Formula
1984-09,0.02618328,Formula
1984-10,0.01945418,Formula
1984-11,0.006853377551020408,Formula
1984-12,0.029968489795918367,Formula
1985-01,0.056848414141414144,Formula
1985-02,0.03129911111111111,Formula
1985-03,0.03347291919191919,Formula
1985-04,0.021403282828282827,Formula
1985-05,0.06728262244897959,Formula
1985-06,0.04325354081632653,Formula
1985-07,-0.01876406,Formula
1985-08,0.00846191,Formula
1985-09,-0.037436080000000004,Formula
1985-10,0.06691633000000001,Formula
1985-11,0.06807664646464646,Formula
1985-12,0.05246044115553061,Formula
1986-01,0.02423925,Formula
1986-02,0.08198857,Formula
1986-03,0.06581512,Formula
1986-04,0.00010129292929292933,Formula
1986-05,0.0733639797979798,Formula
1986-06,0.043725292929292926,Formula
1986-07,-0.03881583,Formula
1986-08,0.04183079,Formula
1986-09,-0.09256314,Formula
1986-10,0.06596295,Formula
1986-11,0.00666451,Formula
1986-12,-0.02784034,Formula
1987-01,0.11527483999999999,Formula
1987-02,0.02022611111111111,Formula
1987-03,0.005031887755102041,Formula
1987-04,-0.026264759999999998,Formula
1987-05,0.01259231,Formula
1987-06,0.05577734343434343,Formula
1987-07,0.04923733,Formula
1987-08,0.03263698,Formula
1987-09,-0.01271242,Formula
1987-10,-0.22580939,Formula
1987-11,-0.055610980000000004,Formula
1987-12,0.09694646000000001,Formula
1988-01,0.0519449,Formula
1988-02,0.039038421989909096,Formula
1988-03,-0.01357381632653061,Formula
1988-04,0.010031430000000001,Formula
1988-05,0.01474006,Formula
1988-06,0.03158279,Formula
1988-07,-0.00703807,Formula
1988-08,-0.008613510000000001,Formula
1988-09,0.04247207,Formula
1988-10,0.03107382,Formula
1988-11,-0.01572093,Formula
1988-12,0.015297414141414143,Formula
1989-01,0.047864371134020624,Formula
1989-02,-0.005597319587628866,Formula
1989-03,0.03238056701030928,Formula
1989-04,0.047561980000000004,Formula
1989-05,0.04191925999999999,Formula
1989-06,0.014754590000000001,Formula
1989-07,0.07321497979797979,Formula
1989-08,0.030928666666666667,Formula
1989-09,0.010666151515151516,Formula
1989-10,-0.01803237,Formula
1989-11,0.02543666,Formula
1989-12,0.027193770000000003,Formula
1990-01,-0.07875243,Formula
1990-02,0.00713679,Formula
1990-03,0.01809363,Formula
1990-04,-0.04251195,Formula
1990-05,0.0695201,Formula
1990-06,0.00398556,Formula
1990-07,0.017026680000000002,Formula
1990-08,-0.08937215,Formula
1990-09,-0.034135439999999996,Formula
1990-10,0.02401801,Formula
1990-11,0.05540824489795918,Formula
1990-12,0.021155214285714284,Formula
1991-01,0.01612362,Formula
1991-02,0.06024737,Formula
1991-03,0.027643300000000003,Formula
1991-04,0.009621570000000001,Formula
1991-05,0.02708966,Formula
1991-06,-0.03780649,Formula
1991-07,0.04479213,Formula
1991-08,0.02934473,Formula
1991-09,0.004703870000000001,Formula
1991-10,0.03585325,Formula
1991-11,-0.01875064,Formula
1991-12,0.10209731,Formula
1992-01,-0.00515855,Formula
1992-02,0.009911689999999999,Formula
1992-03,-0.00898592821468,Formula
1992-04,0.018841858585858583,Formula
1992-05,0.014303373737373738,Formula
1992-06,-0.005253585858585859,Formula
1992-07,0.04327255,Formula
1992-08,-0.01630619,Formula
1992-09,0.012307209999999999,Formula
1992-10,0.005873699999999999,Formula
1992-11,0.02695048,Formula
1992-12,0.02602823,Formula
1993-01,0.01009284,Formula
1993-02,0.02469894,Formula
1993-03,0.031844769999999994,Formula
1993-04,-0.021012970000000002,Formula
1993-05,0.00837542,Formula
1993-06,0.02419642,Formula
1993-07,0.010550270000000002,Formula
1993-08,0.04123142,Formula
1993-09,0.0017717900000000003,Formula
1993-10,-0.0012222300000000006,Formula
1993-11,-0.04023987,Formula
1993-12,0.01664917,Formula
1994-01,0.01237105,Formula
1994-02,-0.01358364,Formula
1994-03,-0.03953002,Formula
1994-04,0.01168229,Formula
1994-05,0.0041094500000000015,Formula
1994-06,-0.00860091,Formula
1994-07,0.025530900000000002,Formula
1994-08,0.053145990000000004,Formula
1994-09,-0.019812555555555555,Formula
1994-10,-0.00177568,Formula
1994-11,-0.03987242,Formula
1994-12,0.02502777,Formula
1995-01,0.02587103,Formula
1995-02,0.040276370000000006,Formula
1995-03,0.01968812,Formula
1995-04,0.013507020000000002,Formula
1995-05,0.04453301,Formula
1995-06,0.0140131,Formula
1995-07,0.01882094,Formula
1995-08,0.01028992,Formula
1995-09,0.050460448979591836,Formula
1995-10,0.001012291267600001,Formula
1995-11,0.04823213496331632,Formula
1995-12,0.02147573195876289,Formula
1996-01,0.028016632653061226,Formula
1996-02,0.011303530612244896,Formula
1996-03,0.014913102040816327,Formula
1996-04,-0.006871393939393939,Formula
1996-05,0.00998126530612245,Formula
1996-06,0.019230816326530613,Formula
1996-07,-0.03470983,Formula
1996-08,0.03165642,Formula
1996-09,0.049861079999999995,Formula
1996-10,0.02944997,Formula
1996-11,0.05296459,Formula
1996-12,-0.010892272727272728,Formula
1997-01,0.04048908163265306,Formula
1997-02,0.03397909183673469,Formula
1997-03,-0.039685092783505155,Formula
1997-04,0.041772479999999994,Formula
1997-05,0.05833297,Formula
1997-06,0.05044170408163265,Formula
1997-07,0.07662090909090909,Formula
1997-08,-0.035432030303030305,Formula
1997-09,0.058246767676767675,Formula
1997-10,-0.016365747474747474,Formula
1997-11,0.03731461224489796,Formula
1997-12,0.06084714432989691,Formula
1998-01,-0.01738411111111111,Formula
1998-02,0.05946958585858586,Formula
1998-03,0.048378265306122444,Formula
1998-04,0.0032853434343434345,Formula
1998-05,-0.008322428571428571,Formula
1998-06,0.021547204081632652,Formula
1998-07,-0.02473558,Formula
1998-08,-0.11894481000000001,Formula
1998-09,0.0539109378697,Formula
1998-10,0.03092411,Formula
1998-11,0.03230541414141414,Formula
1998-12,0.032881602040816325,Formula
1999-01,-0.0262299898989899,Formula
1999-02,-0.01463860606060606,Formula
1999-03,-0.00032674489795918326,Formula
1999-04,0.06794298,Formula
1999-05,0.0051957800000000005,Formula
1999-06,0.010874080808080808,Formula
1999-07,-0.014889222222222224,Formula
1999-08,-0.042325907216494846,Formula
1999-09,-0.031592134020618556,Formula
1999-10,0.04818271717171717,Formula
1999-11,-0.015201103092783505,Formula
1999-12,0.021581474226804124,Formula
2000-01,-0.07344267676767677,Formula
2000-02,-0.07173344897959184,Formula
2000-03,0.12650319791666667,Formula
2000-04,0.016922767676767675,Formula
2000-05,0.009388642857142858,Formula
2000-06,-0.03903482653061224,Formula
2000-07,0.054921367346938775,Formula
2000-08,0.06155404012963265,Formula
2000-09,0.04499752083333333,Formula
2000-10,0.026256113402061854,Formula
2000-11,0.02045695789473684,Formula
2000-12,0.09517132978723404,Formula
2001-01,-0.07450034693877551,Formula
2001-02,0.026198701030927835,Formula
2001-03,0.005532226804123711,Formula
2001-04,0.04899961,Formula
2001-05,0.03311363,Formula
2001-06,-0.00370839,Formula
2001-07,0.01698048,Formula
2001-08,-0.010317545454545456,Formula
2001-09,-0.05434230303030303,Formula
2001-10,0.02330011111111111,Formula
2001-11,0.06673669387755102,Formula
2001-12,0.03352789948102083,Formula
2002-01,0.026975040404040404,Formula
2002-02,0.042206848484848486,Formula
2002-03,0.03841674747474747,Formula
2002-04,0.030104370000000002,Formula
2002-05,0.006735710000000001,Formula
2002-06,-0.04345876,Formula
2002-07,-0.048210949999999995,Formula
2002-08,0.015081161616161617,Formula
2002-09,-0.07479072727272727,Formula
2002-10,0.03614115,Formula
2002-11,0.01309135,Formula
2002-12,-0.01471829,Formula
2003-01,-0.01674212,Formula
2003-02,-0.01654055,Formula
2003-03,-0.00326967,Formula
2003-04,0.05866295,Formula
2003-05,0.05363564999999999,Formula
2003-06,-0.007142880000000001,Formula
2003-07,0.020983969696969695,Formula
2003-08,0.019531,Formula
2003-09,0.002663050505050505,Formula
2003-10,0.07073219663464,Formula
2003-11,0.02506056565656566,Formula
2003-12,0.0256110202020202,Formula
2004-01,0.015661479591836735,Formula
2004-02,0.03255580612244898,Formula
2004-03,0.0010203571428571423,Formula
2004-04,-0.028165939393939396,Formula
2004-05,0.017561747474747473,Formula
2004-06,0.015591309890181818,Formula
2004-07,-0.020190646464646467,Formula
2004-08,0.01476077877219388,Formula
2004-09,0.02484387160624742,Formula
2004-10,0.018247744897959182,Formula
2004-11,0.05062707216494845,Formula
2004-12,0.026245268041237113,Formula
2005-01,-0.020204530000000002,Formula
2005-02,0.02329103,Formula
2005-03,-0.010746959999999998,Formula
2005-04,-0.03110087,Formula
2005-05,0.03915086,Formula
2005-06,0.01968994,Formula
2005-07,0.03829626,Formula
2005-08,-0.00628544,Formula
2005-09,0.009274860000000001,Formula
2005-10,-0.02595678,Formula
2005-11,0.02383374,Formula
2005-12,0.0091526,Formula
2006-01,0.0357146121552,Formula
2006-02,0.008203141414141414,Formula
2006-03,0.01712855101070707,Formula
2006-04,0.006308393939393939,Formula
2006-05,-0.02072009090909091,Formula
2006-06,-0.0002800505050505055,Formula
2006-07,-0.0156047,Formula
2006-08,0.016364510000000002,Formula
2006-09,0.031471559999999996,Formula
2006-10,0.02487555,Formula
2006-11,0.02050873737373737,Formula
2006-12,0.017366929292929295,Formula
2007-01,0.022802565656565656,Formula
2007-02,-0.0062188585858585855,Formula
2007-03,0.012237595959595959,Formula
2007-04,0.03692157,Formula
2007-05,0.030753509999999998,Formula
2007-06,-0.02791576,Formula
2007-07,-0.04244708080808081,Formula
2007-08,0.0030804848484848484,Formula
2007-09,0.025374612244897957,Formula
2007-10,0.02461991919191919,Formula
2007-11,-0.039212255102040815,Formula
2007-12,-0.006820092783505154,Formula
2008-01,-0.06479306,Formula
2008-02,-0.018591569999999998,Formula
2008-03,-0.00017822999999999963,Formula
2008-04,0.048454500000000005,Formula
2008-05,0.03701114,Formula
2008-06,-0.07069368686868688,Formula
2008-07,0.010259709999999998,Formula
2008-08,0.0061768199999999995,Formula
2008-09,-0.07648621,Formula
2008-10,-0.13541698,Formula
2008-11,-0.05119128571428572,Formula
2008-12,0.023775216949959183,Formula
2009-01,-0.0894332244897959,Formula
2009-02,-0.0892408556701031,Formula
2009-03,0.060015204081632655,Formula
2009-04,0.0391691,Formula
2009-05,0.010037099999999998,Formula
2009-06,0.02370793,Formula
2009-07,0.0653599696969697,Formula
2009-08,0.021143323232323236,Formula
2009-09,0.025970454545454547,Formula
2009-10,-0.021071295918367344,Formula
2009-11,0.05154469387755102,Formula
2009-12,0.041748999999999994,Formula
2010-01,-0.04568379,Formula
2010-02,0.0492643,Formula
2010-03,0.06562280999999999,Formula
2010-04,0.029468199999999996,Formula
2010-05,-0.056130494949494944,Formula
2010-06,-0.04864476767676768,Formula
2010-07,0.05305071,Formula
2010-08,-0.03669864,Formula
2010-09,0.09482779797979798,Formula
2010-10,0.03445741414141414,Formula
2010-11,0.0060628888888888885,Formula
2010-12,0.04455384848484848,Formula
2011-01,0.0037836400000000004,Formula
2011-02,0.04715163000000001,Formula
2011-03,0.029839287272606062,Formula
2011-04,0.035823878787878786,Formula
2011-05,0.0018271717171717168,Formula
2011-06,-0.00886779797979798,Formula
2011-07,-0.045815140000000004,Formula
2011-08,-0.041871530000000004,Formula
2011-09,-0.068088,Formula
2011-10,0.09435248,Formula
2011-11,0.018665949494949496,Formula
2011-12,0.010520123711340205,Formula
2012-01,0.02087269,Formula
2012-02,0.03010154,Formula
2012-03,0.026667242424242427,Formula
2012-04,0.013885535353535353,Formula
2012-05,-0.035496626262626264,Formula
2012-06,0.027914808080808082,Formula
2012-07,0.00903883159278788,Formula
2012-08,0.013674826530612244,Formula
2012-09,0.02127534693877551,Formula
2012-10,-0.00345292,Formula
2012-11,0.01166507,Formula
2012-12,0.00982534,Formula
2013-01,0.05889268041237113,Formula
2013-02,0.024290309278350516,Formula
2013-03,0.058523896907216495,Formula
2013-04,0.01451877,Formula
2013-05,0.0131508,Formula
2013-06,-0.012462747474747474,Formula
2013-07,0.0778826,Formula
2013-08,-0.03267754,Formula
2013-09,0.04590318,Formula
2013-10,0.04646351,Formula
2013-11,0.033167329999999995,Formula
2013-12,0.02501043,Formula
2014-01,-0.03516151,Formula
2014-02,0.05252706,Formula
2014-03,0.00656239,Formula
2014-04,-0.01483859595959596,Formula
2014-05,0.022971737373737373,Formula
2014-06,0.01626429292929293,Formula
2014-07,-0.022699940000000002,Formula
2014-08,0.04021647,Formula
2014-09,-0.012757300000000001,Formula
2014-10,0.0444152303379,Formula
2014-11,0.04165076767676768,Formula
2014-12,0.008392363636363637,Formula
2015-01,-0.0067212323232323234,Formula
2015-02,0.052187090909090905,Formula
2015-03,-0.0012797448979591838,Formula
2015-04,-0.024384899999999998,Formula
2015-05,0.024479,Formula
2015-06,-0.0025950799999999996,Formula
2015-07,0.03477918,Formula
2015-08,-0.057027858585858585,Formula
2015-09,-0.014940878787878788,Formula
2015-10,0.05905937373737374,Formula
2015-11,0.0038554747474747477,Formula
2015-12,-0.016860408163265308,Formula
2016-01,-0.04477431313131313,Formula
2016-02,0.008675438775510204,Formula
2016-03,0.0665474081632653,Formula
2016-04,-0.0036552500000000005,Formula
2016-05,0.025330494949494946,Formula
2016-06,0.015171151515151514,Formula
2016-07,0.01588922448979592,Formula
2016-08,-0.008730234693877553,Formula
2016-09,-0.010230628865979382,Formula
2016-10,-0.02655051,Formula
2016-11,0.06672653,Formula
2016-12,0.014257119999999998,Formula
1929-01,0.051001075838858566,Market
1929-02,0.00013252412612417642,Market
1929-03,-0.005014172042742049,Market
1929-04,0.01815237628666736,Market
1929-05,-0.05831168365559442,Market
1929-06,0.10308155268854027,Market
1929-07,0.04584560110394637,Market
1929-08,0.08598049135111124,Market
1929-09,-0.04987555868663566,Market
1929-10,-0.19760807585181847,Market
1929-11,-0.12528275459714913,Market
1929-12,0.016971404497050868,Market
1930-01,0.054899309324993595,Market
1930-02,0.02757817930553997,Market
1930-03,0.07469885936720233,Market
1930-04,-0.018747924650314773,Market
1930-05,-0.014379452390805092,Market
1930-06,-0.16050296466943836,Market
1930-07,0.04276128575087689,Market
1930-08,0.003570438079756096,Market
1930-09,-0.12571652549212645,Market
1930-10,-0.08790903847717056,Market
1930-11,-0.029979389054662044,Market
1930-12,-0.07779543854547565,Market
1931-01,0.06384710647851995,Market
1931-02,0.1092303644267012,Market
1931-03,-0.06323510356433856,Market
1931-04,-0.10018466974204271,Market
1931-05,-0.13211249056575938,Market
1931-06,0.14000161650016862,Market
1931-07,-0.06578406017551541,Market
1931-08,0.004248119706313635,Market
1931-09,-0.2914726437852922,Market
1931-10,0.07907487802948987,Market
1931-11,-0.08901293116947454,Market
1931-12,-0.135022056115155,Market
1932-01,-0.014166237423606613,Market
1932-02,0.056970995792900714,Market
1932-03,-0.111053234164045,Market
1932-04,-0.17971130720465403,Market
1932-05,-0.20537124008145397,Market
1932-06,-0.00869805414180291,Market
1932-07,0.34029686923192276,Market
1932-08,0.3752464243843592,Market
1932-09,-0.02937675175257624,Market
1932-10,-0.13164064456938218,Market
1932-11,-0.05821399788614212,Market
1932-12,0.044476364217544875,Market
1933-01,0.012465939718778124,Market
1933-02,-0.15351623935679648,Market
1933-03,0.0327149928622003,Market
1933-04,0.3906815603629911,Market
1933-05,0.2160873237319336,Market
1933-06,0.13279162982689163,Market
1933-07,-0.09613127585391362,Market
1933-08,0.12097448424993199,Market
1933-09,-0.10703039995984763,Market
1933-10,-0.08258095040103941,Market
1933-11,0.09962293223388112,Market
1933-12,0.019116728912994558,Market
1934-01,0.1267473474924517,Market
1934-02,-0.024618328685051767,Market
1934-03,0.0012511941733090285,Market
1934-04,-0.018099430430510103,Market
1934-05,-0.0731055910083814,Market
1934-06,0.026340859935988004,Market
1934-07,-0.11015344465680253,Market
1934-08,0.05545464754446164,Market
1934-09,-0.0014446610052239385,Market
1934-10,-0.01742534794114203,Market
1934-11,0.08333798422389986,Market
1934-12,0.004015759444433497,Market
1935-01,-0.034653348072966716,Market
1935-02,-0.019594524120730192,Market
1935-03,-0.03655248590003536,Market
1935-04,0.09029241776769745,Market
1935-05,0.034668832592185485,Market
1935-06,0.05962644566585033,Market
1935-07,0.07528955676142769,Market
1935-08,0.026904654275347745,Market
1935-09,0.02642243400710796,Market
1935-10,0.07095708673101421,Market
1935-11,0.04971725715225409,Market
1935-12,0.04592174103840951,Market
1936-01,0.06925524907322717,Market
1936-02,0.025444739946424846,Market
1936-03,0.010752637817766489,Market
1936-04,-0.08168497551747995,Market
1936-05,0.05221075131645611,Market
1936-06,0.0242541327961043,Market
1936-07,0.06697946011229072,Market
1936-08,0.010183652560695035,Market
1936-09,0.01036517137831238,Market
1936-10,0.07308314488064106,Market
1936-11,0.03271991277658415,Market
1936-12,0.002115506144346171,Market
1937-01,0.033580990921233504,Market
1937-02,0.01139794813785272,Market
1937-03,-0.0019183447677710856,Market
1937-04,-0.07342739816593817,Market
1937-05,-0.007522666794019195,Market
1937-06,-0.04199564570038973,Market
1937-07,0.08996733949213673,Market
1937-08,-0.048438820046193404,Market
1937-09,-0.13644409516030215,Market
1937-10,-0.09625681886230035,Market
1937-11,-0.08294585993790507,Market
1937-12,-0.042321466332483446,Market
1938-01,0.004763149266451356,Market
1938-02,0.05876600232418878,Market
1938-03,-0.23885495513364402,Market
1938-04,0.14425490522865878,Market
1938-05,-0.03801207143169111,Market
1938-06,0.2401335888063497,Market
1938-07,0.07327560082555908,Market
1938-08,-0.026889659953391872,Market
1938-09,0.008465953686487844,Market
1938-10,0.07821036392490004,Market
1938-11,-0.017922362384399305,Market
1938-12,0.04208766058240158,Market
1939-01,-0.06003569834064892,Market
1939-02,0.03507956112210252,Market
1939-03,-0.12061227487044124,Market
1939-04,-0.0018856577696109668,Market
1939-05,0.06822863188384622,Market
1939-06,-0.05345967861934096,Market
1939-07,0.10233538297354848,Market
1939-08,-0.06691602685915918,Market
1939-09,0.17043675324193386,Market
1939-10,-0.0056305496993360755,Market
1939-11,-0.03658339118554258,Market
1939-12,0.030039017388876446,Market
1940-01,-0.024352283421377265,Market
1940-02,0.01447670952286011,Market
1940-03,0.020577753296653022,Market
1940-04,0.002125878206047417,Market
1940-05,-0.22022865406989675,Market
1940-06,0.06701860480526194,Market
1940-07,0.031980114314418315,Market
1940-08,0.022039343295645403,Market
1940-09,0.023848026127361983,Market
1940-10,0.030767647693839845,Market
1940-11,-0.016233389071116055,Market
1940-12,0.006930531619604091,Market
1941-01,-0.04189151404832104,Market
1941-02,-0.014405932103839473,Market
1941-03,0.008753722831199278,Market
1941-04,-0.05493233108564382,Market
1941-05,0.014383856981102183,Market
1941-06,0.05830836227231225,Market
1941-07,0.05917269374045456,Market
1941-08,-0.00154766730299646,Market
1941-09,-0.00880575374958889,Market
1941-10,-0.051999075206781945,Market
1941-11,-0.018547896815677065,Market
1941-12,-0.04889720022202632,Market
1942-01,0.007893430649691112,Market
1942-02,-0.024418678071877562,Market
1942-03,-0.06519939643301893,Market
1942-04,-0.04333528333809931,Market
1942-05,0.059321132876840925,Market
1942-06,0.027305390694087307,Market
1942-07,0.035563193929328746,Market
1942-08,0.01864606629221118,Market
1942-09,0.026637897550726795,Market
1942-10,0.0685646807553174,Market
1942-11,0.0016923352600621724,Market
1942-12,0.05160336931023021,Market
1943-01,0.07129783705685717,Market
1943-02,0.06197811666386639,Market
1943-03,0.06054472743779507,Market
1943-04,0.008397788468992293,Market
1943-05,0.057615252130430006,Market
1943-06,0.018616631284431112,Market
1943-07,-0.047551554018134955,Market
1943-08,0.013377016061369828,Market
1943-09,0.024171951638554148,Market
1943-10,-0.011177306528631477,Market
1943-11,-0.05853133857579346,Market
1943-12,0.06388275310787722,Market
1944-01,0.017680935132121964,Market
1944-02,0.004231048073878516,Market
1944-03,0.024831906087981144,Market
1944-04,-0.01668162770828666,Market
1944-05,0.05087889240367071,Market
1944-06,0.05514946206710646,Market
1944-07,-0.014685377534269389,Market
1944-08,0.016041489940473795,Market
1944-09,0.0006173137834880605,Market
1944-10,0.001938521557330842,Market
1944-11,0.01745422282421873,Market
1944-12,0.040702258025177976,Market
1945-01,0.020528467339508936,Market
1945-02,0.06252418277779238,Market
1945-03,-0.038656760065408795,Market
1945-04,0.0781776732243378,Market
1945-05,0.017675959827574843,Market
1945-06,0.004214865342121141,Market
1945-07,-0.0214415814863856,Market
1945-08,0.06219008669279442,Market
1945-09,0.04808003696265262,Market
1945-10,0.039543464135138394,Market
1945-11,0.05396376529564135,Market
1945-12,0.012430275234461234,Market
1946-01,0.06284329005714472,Market
1946-02,-0.057790585419776094,Market
1946-03,0.058949886037053506,Market
1946-04,0.04265921809732515,Market
1946-05,0.039679220070052604,Market
1946-06,-0.038695215187132655,Market
1946-07,-0.026708807574798998,Market
1946-08,-0.06412915953357289,Market
1946-09,-0.101220690302159,Market
1946-10,-0.014588968940393299,Market
1946-11,0.00010490326823582944,Market
1946-12,0.0500871195461229,Market
1947-01,0.013100405859545722,Market
1947-02,-0.010250736265576038,Market
1947-03,-0.016303003096956818,Market
1947-04,-0.047697670477041265,Market
1947-05,-0.009544338647948297,Market
1947-06,0.053105626147116544,Market
1947-07,0.041566079787517356,Market
1947-08,-0.01709124761648091,Market
1947-09,-0.004685521937457436,Market
1947-10,0.02560937349730562,Market
1947-11,-0.01914636993030322,Market
1947-12,0.03076328605762227,Market
1948-01,-0.03873848137128339,Market
1948-02,-0.04307505272500353,Market
1948-03,0.08158700040353364,Market
1948-04,0.03731337246750955,Market
1948-05,0.07411344277723277,Market
1948-06,-6.149342243375095e-05,Market
1948-07,-0.05012310016161032,Market
1948-08,0.0033624398284661334,Market
1948-09,-0.029301675854739664,Market
1948-10,0.06012515016807228,Market
1948-11,-0.09263209339210816,Market
1948-12,0.03303823155534317,Market
1949-01,0.00327293753914791,Market
1949-02,-0.028431621525240414,Market
1949-03,0.041222178300602916,Market
1949-04,-0.01768869593243149,Market
1949-05,-0.028599803781620046,Market
1949-06,0.0019276025988582393,Market
1949-07,0.05622725955339995,Market
1949-08,0.027072447646105117,Market
1949-09,0.03171647292856479,Market
1949-10,0.03240451205270061,Market
1949-11,0.018401891894490745,Market
1949-12,0.05216983073713038,Market
1950-01,0.017881632729761072,Market
1950-02,0.015491172799713971,Market
1950-03,0.01349909635912193,Market
1950-04,0.040417205499045,Market
1950-05,0.044132966881766246,Market
1950-06,-0.05835186803355571,Market
1950-07,0.01467553538392502,Market
1950-08,0.049377992705090516,Market
1950-09,0.049111633557638666,Market
1950-10,-0.0005630106937613768,Market
1950-11,0.028664782491910644,Market
1950-12,0.05656951434263717,Market
1951-01,0.05823852401014727,Market
1951-02,0.015467557390223466,Market
1951-03,-0.020485882854117798,Market
1951-04,0.049450573080578146,Market
1951-05,-0.022131375137130354,Market
1951-06,-0.024939687850125042,Market
1951-07,0.07046762973855046,Market
1951-08,0.044067015701714035,Market
1951-09,0.008232210802654094,Market
1951-10,-0.023728894992705935,Market
1951-11,0.0067072312901924665,Market
1951-12,0.03452762598934939,Market
1952-01,0.016005910336822866,Market
1952-02,-0.02512412258207524,Market
1952-03,0.04550270543085527,Market
1952-04,-0.04846779086322413,Market
1952-05,0.033253411436749605,Market
1952-06,0.039809240105668116,Market
1952-07,0.010626478890675637,Market
1952-08,-0.006206994320613172,Market
1952-09,-0.01873100724058647,Market
1952-10,-0.005168765987274828,Market
1952-11,0.06046111986514704,Market
1952-12,0.03092364066029783,Market
1953-01,-0.001797544475058681,Market
1953-02,-0.0013553373298206568,Market
1953-03,-0.012406396465474066,Market
1953-04,-0.026673508683315125,Market
1953-05,0.0068955819256434035,Market
1953-06,-0.01702970619779243,Market
1953-07,0.025472104732639448,Market
1953-08,-0.043491832615434295,Market
1953-09,0.0036169041822416087,Market
1953-10,0.04723871863249512,Market
1953-11,0.029026600574644238,Market
1953-12,0.0015266126375005809,Market
1954-01,0.05248696169875378,Market
1954-02,0.01735575410022613,Market
1954-03,0.03734783705551328,Market
1954-04,0.04361664617975317,Market
1954-05,0.03131392930528969,Market
1954-06,0.011324062688365307,Market
1954-07,0.05043578111820091,Market
1954-08,-0.022971480047139902,Market
1954-09,0.06479857711142062,Market
1954-10,-0.016096513625977357,Market
1954-11,0.09442126206901108,Market
1954-12,0.05562954987229518,Market
1955-01,0.006940163844425184,Market
1955-02,0.03073738961129567,Market
1955-03,-0.000637982801544478,Market
1955-04,0.032180567452365506,Market
1955-05,0.010786257432822573,Market
1955-06,0.06657669201039917,Market
1955-07,0.020004903435316638,Market
1955-08,0.0037032699997749047,Market
1955-09,-0.0019473305798004105,Market
1955-10,-0.024911184531962387,Market
1955-11,0.07210128071281866,Market
1955-12,0.016650621475357907,Market
1956-01,-0.028083335224358984,Market
1956-02,0.03964606253720999,Market
1956-03,0.06789045877438245,Market
1956-04,0.004783655228066015,Market
1956-05,-0.04973276578669523,Market
1956-06,0.036719322399387466,Market
1956-07,0.05046401734624484,Market
1956-08,-0.03012255100136585,Market
1956-09,-0.04953757182043159,Market
1956-10,0.007667088303887024,Market
1956-11,0.005633693246231859,Market
1956-12,0.033946505463564265,Market
1957-01,-0.033091785388049626,Market
1957-02,-0.018265908795979464,Market
1957-03,0.023437188081105977,Market
1957-04,0.044868220161231924,Market
1957-05,0.03702683700128832,Market
1957-06,-0.0051592798047914125,Market
1957-07,0.00990422953078473,Market
1957-08,-0.04844585649789994,Market
1957-09,-0.05722880121552603,Market
1957-10,-0.040334507984463294,Market
1957-11,0.025722049317081053,Market
1957-12,-0.036684886674042225,Market
1958-01,0.04933511701954703,Market
1958-02,-0.013954094329475118,Market
1958-03,0.03359122598308476,Market
1958-04,0.031565726141210164,Market
1958-05,0.02417785472232063,Market
1958-06,0.029594744212681164,Market
1958-07,0.04457339443228524,Market
1958-08,0.01944801410312748,Market
1958-09,0.04853993191452812,Market
1958-10,0.027103728715646862,Market
1958-11,0.03116547062662408,Market
1958-12,0.05375768684883467,Market
1959-01,0.009454839113501671,Market
1959-02,0.01139660659415345,Market
1959-03,0.004951916404900473,Market
1959-04,0.03856596150950602,Market
1959-05,0.019525961435118578,Market
1959-06,-8.689562328144093e-06,Market
1959-07,0.03424893725124855,Market
1959-08,-0.011934941556813067,Market
1959-09,-0.044959056759581964,Market
1959-10,0.01564861782991219,Market
1959-11,0.018615068918299754,Market
1959-12,0.02803830028698653,Market
1960-01,-0.06645440288797838,Market
1960-02,0.014558934681099246,Market
1960-03,-0.012754044107895834,Market
1960-04,-0.015248726599543842,Market
1960-05,0.03379454719686637,Market
1960-06,0.02325013176536517,Market
1960-07,-0.022332636543066713,Market
1960-08,0.031720758759747406,Market
1960-09,-0.05818155633210579,Market
1960-10,-0.0048460494604388475,Market
1960-11,0.048249226706841876,Market
1960-12,0.04870366737686037,Market
1961-01,0.06401155100505143,Market
1961-02,0.03711759361560623,Market
1961-03,0.03092750313999309,Market
1961-04,0.004661667220264088,Market
1961-05,0.025854575456888643,Market
1961-06,-0.02870418983346947,Market
1961-07,0.0301770066262794,Market
1961-08,0.026795418829747744,Market
1961-09,-0.019703653650192044,Market
1961-10,0.02771346601771431,Market
1961-11,0.04639462896018821,Market
1961-12,0.00015950234306953175,Market
1962-01,-0.036350018313799554,Market
1962-02,0.020242076989576006,Market
1962-03,-0.004754440633909757,Market
1962-04,-0.06356444799130596,Market
1962-05,-0.08407531777604375,Market
1962-06,-0.08274890692089805,Market
1962-07,0.06543967189890701,Market
1962-08,0.023288601594243844,Market
1962-09,-0.050095947377699956,Market
1962-10,0.002069878910626039,Market
1962-11,0.11054310939541281,Market
1962-12,0.012484284727444405,Market
1963-01,0.05165587878856389,Market
1963-02,-0.021555091045582793,Market
1963-03,0.03299451739777837,Market
1963-04,0.0475965275428179,Market
1963-05,0.02000122443444444,Market
1963-06,-0.017710716922560616,Market
1963-07,-0.0011768733011331832,Market
1963-08,0.05321200805881152,Market
1963-09,-0.012901709118350358,Market
1963-10,0.02838174945560023,Market
1963-11,-0.005787050369456272,Market
1963-12,0.021215558192664286,Market
1964-01,0.02597663381424785,Market
1964-02,0.01818737885052779,Market
1964-03,0.01723836282183456,Market
1964-04,0.003951438912929748,Market
1964-05,0.016405749780715163,Market
1964-06,0.015640715828466604,Market
1964-07,0.020414071326424622,Market
1964-08,-0.01147985036298668,Market
1964-09,0.02970756515742931,Market
1964-10,0.00874077927969517,Market
1964-11,0.002856257260125262,Market
1964-12,0.0034393183991100204,Market
1965-01,0.03824541269487609,Market
1965-02,0.007489476010014478,Market
1965-03,-0.009819263905190917,Market
1965-04,0.034221480551762155,Market
1965-05,-0.0046071266635909726,Market
1965-06,-0.05149697423864652,Market
1965-07,0.017329174689147887,Market
1965-08,0.030600577824555514,Market
1965-09,0.03169550359496588,Market
1965-10,0.029138780572148054,Market
1965-11,0.0032625043474010925,Market
1965-12,0.013364152270635931,Market
1966-01,0.010934596355072022,Market
1966-02,-0.008614176612018909,Market
1966-03,-0.02126125520861596,Market
1966-04,0.024777880047977784,Market
1966-05,-0.05250572421225026,Market
1966-06,-0.010647003972754351,Market
1966-07,-0.012679202361501208,Market
1966-08,-0.07487574386235839,Market
1966-09,-0.006600534778201983,Market
1966-10,0.04309721224013436,Market
1966-11,0.017958182871030307,Market
1966-12,0.005249026419545071,Market
1967-01,0.08581674496196803,Market
1967-02,0.011385875552861776,Market
1967-03,0.043908604918478714,Market
1967-04,0.04217336261783096,Market
1967-05,-0.039847038187497616,Market
1967-06,0.026726835525348835,Market
1967-07,0.048985712279437085,Market
1967-08,-0.00575674774167622,Market
1967-09,0.0341187837623111,Market
1967-10,-0.02687090783903139,Market
1967-11,0.007152757060818462,Market
1967-12,0.03363747659764524,Market
1968-01,-0.03648666475368518,Market
1968-02,-0.033338147120449184,Market
1968-03,0.005865032338231648,Market
1968-04,0.09470030461956319,Market
1968-05,0.02717682079445991,Market
1968-06,0.011173877055978177,Market
1968-07,-0.022274639729330293,Market
1968-08,0.017677434902678327,Market
1968-09,0.044098466649345906,Market
1968-10,0.008634651014472888,Market
1968-11,0.058423419064148906,Market
1968-12,-0.03502518925274265,Market
1969-01,-0.007471476742209068,Market
1969-02,-0.05355655329115405,Market
1969-03,0.030977083964196808,Market
1969-04,0.02010577506962635,Market
1969-05,0.0037455639994206412,Market
1969-06,-0.06644441451874218,Market
1969-07,-0.06458877537748074,Market
1969-08,0.05151911847925005,Market
1969-09,-0.023457884700888873,Market
1969-10,0.05638092386686517,Market
1969-11,-0.03273617135682463,Market
1969-12,-0.019897352798175543,Market
1970-01,-0.07487657249374013,Market
1970-02,0.05730822996006347,Market
1970-03,-0.0046320638723858715,Market
1970-04,-0.10488767686531951,Market
1970-05,-0.0640392265866977,Market
1970-06,-0.05209067500588138,Market
1970-07,0.07451079361797677,Market
1970-08,0.050747701003162594,Market
1970-09,0.04706775515247949,Market
1970-10,-0.01816906043419102,Market
1970-11,0.05053991842308221,Market
1970-12,0.0615480983303474,Market
1971-01,0.05213318091974922,Market
1971-02,0.01736244729195562,Market
1971-03,0.04416653503973194,Market
1971-04,0.03466191879309191,Market
1971-05,-0.03685466434908039,Market
1971-06,0.0028325186676542323,Market
1971-07,-0.04087855398111105,Market
1971-08,0.04253316322730649,Market
1971-09,-0.0049311484833821344,Market
1971-10,-0.04050234709103541,Market
1971-11,-0.0008211114327955816,Market
1971-12,0.09063983402060585,Market
1972-01,0.027782095799426223,Market
1972-02,0.031144392204885962,Market
1972-03,0.008994717352265747,Market
1972-04,0.005847701729927013,Market
1972-05,0.015510502994857386,Market
1972-06,-0.02140306622852771,Market
1972-07,-0.00475423241842808,Market
1972-08,0.03561018158942183,Market
1972-09,-0.007871844410328349,Market
1972-10,0.009046118011019288,Market
1972-11,0.04951502387798297,Market
1972-12,0.009889971597769172,Market
1973-01,-0.027057577893141047,Market
1973-02,-0.04424959649895558,Market
1973-03,-0.008504523037400062,Market
1973-04,-0.0514972196787659,Market
1973-05,-0.024409671046257807,Market
1973-06,-0.010509828574473376,Market
1973-07,0.05690071698931128,Market
1973-08,-0.031219738614701942,Market
1973-09,0.0543072403035098,Market
1973-10,-0.0017087560906822968,Market
1973-11,-0.12203775790242835,Market
1973-12,0.012420937927894553,Market
1974-01,0.004511819125143111,Market
1974-02,0.0011290407424692046,Market
1974-03,-0.022580668582391637,Market
1974-04,-0.04536718633343862,Market
1974-05,-0.03930664281883314,Market
1974-06,-0.02219379810159216,Market
1974-07,-0.0736745135386654,Market
1974-08,-0.08740135431609025,Market
1974-09,-0.10988002391359745,Market
1974-10,0.16611410745935742,Market
1974-11,-0.039730893314636744,Market
1974-12,-0.02753918156315704,Market
1975-01,0.14232196728868007,Market
1975-02,0.05997458635852043,Market
1975-03,0.030711465527789954,Market
1975-04,0.046689383548198175,Market
1975-05,0.056244802080690603,Market
1975-06,0.05239915183328255,Market
1975-07,-0.06118432806026434,Market
1975-08,-0.023677198430870985,Market
1975-09,-0.037259320468690245,Market
1975-10,0.058705498916673975,Market
1975-11,0.030693119182011487,Market
1975-12,-0.011187281579545443,Market
1976-01,0.12636913126961655,Market
1976-02,0.006683824701286977,Market
1976-03,0.02732790184149719,Market
1976-04,-0.010628917175244296,Market
1976-05,-0.009660101569064475,Market
1976-06,0.044859125056217856,Market
1976-07,-0.005884294220256963,Market
1976-08,-0.001341640561014085,Market
1976-09,0.024658837507867105,Market
1976-10,-0.020114159245735373,Market
1976-11,0.007475912999617533,Market
1976-12,0.060485847949546166,Market
1977-01,-0.03688461168073216,Market
1977-02,-0.015907892029348294,Market
1977-03,-0.009967781505049195,Market
1977-04,0.005483364896635223,Market
1977-05,-0.0108367354323884,Market
1977-06,0.05111907813188805,Market
1977-07,-0.012754490595229727,Market
1977-08,-0.013211164530360725,Market
1977-09,0.001617120865223031,Market
1977-10,-0.038858225619884994,Market
1977-11,0.04528894459550361,Market
1977-12,0.007532365227989707,Market
1978-01,-0.05524693952905505,Market
1978-02,-0.009197411200860305,Market
1978-03,0.033819349338732374,Market
1978-04,0.08417638854443847,Market
1978-05,0.022755760810826104,Market
1978-06,-0.01162025511239525,Market
1978-07,0.05666705936299607,Market
1978-08,0.04319851687138122,Market
1978-09,-0.00789734215426913,Market
1978-10,-0.11216781142205108,Market
1978-11,0.0341650214683138,Market
1978-12,0.016600610674433927,Market
1979-01,0.050079529366790235,Market
1979-02,-0.028256909007556723,Market
1979-03,0.06491269796070345,Market
1979-04,0.007350738773083278,Market
1979-05,-0.013968716262506842,Market
1979-06,0.04664985058818928,Market
1979-07,0.015920380687633164,Market
1979-08,0.06306174627662042,Market
1979-09,0.0001379222885838375,Market
1979-10,-0.07214959529648478,Market
1979-11,0.06197324416445398,Market
1979-12,0.02728656927565489,Market
1980-01,0.06308765818227724,Market
1980-02,-0.0033630015481501195,Market
1980-03,-0.11676382929391217,Market
1980-04,0.05169198856303689,Market
1980-05,0.06048734684094553,Market
1980-06,0.03669050432655308,Market
1980-07,0.07013844739233817,Market
1980-08,0.023872662724148102,Market
1980-09,0.029383707776391186,Market
1980-10,0.020289747933932956,Market
1980-11,0.105536327399785,Market
1980-12,-0.032260361981800545,Market
1981-01,-0.039899697951740906,Market
1981-02,0.01645717438393088,Market
1981-03,0.04770252668087907,Market
1981-04,-0.009367623199198117,Market
1981-05,0.012353888206350827,Market
1981-06,-0.00991252474514119,Market
1981-07,-0.0029694138405994656,Market
1981-08,-0.057483548321145155,Market
1981-09,-0.05927475546072701,Market
1981-10,0.06127929522671667,Market
1981-11,0.043995868278532115,Market
1981-12,-0.027807414644449354,Market
1982-01,-0.02440276617914356,Market
1982-02,-0.04940157828880949,Market
1982-03,-0.008830040652489574,Market
1982-04,0.043951676106519635,Market
1982-05,-0.028767031945540686,Market
1982-06,-0.021217461769471393,Market
1982-07,-0.02158735002801466,Market
1982-08,0.11808307136285541,Market
1982-09,0.017937078057212,Market
1982-10,0.11850479299953091,Market
1982-11,0.0530201297736318,Market
1982-12,0.012217625865612123,Market
1983-01,0.04262700886879646,Market
1983-02,0.032123584204659265,Market
1983-03,0.034560004386203054,Market
1983-04,0.07356723467257645,Market
1983-05,0.012129178417973735,Market
1983-06,0.03738362702554552,Market
1983-07,-0.03296955960089418,Market
1983-08,0.0027263031474790054,Market
1983-09,0.016657640177497938,Market
1983-10,-0.026758693079304594,Market
1983-11,0.02844069890523712,Market
1983-12,-0.010600957978182682,Market
1984-01,-0.011688618257418355,Market
1984-02,-0.041141906444337045,Market
1984-03,0.013841859956338553,Market
1984-04,0.003016296745058315,Market
1984-05,-0.051951979169222756,Market
1984-06,0.02570874843130174,Market
1984-07,-0.019134737289180408,Market
1984-08,0.11108938561337194,Market
1984-09,0.0006001361422869881,Market
1984-10,0.0015286999832715442,Market
1984-11,-0.01011916095031589,Market
1984-12,0.024714960763709538,Market
1985-01,0.08597851672140251,Market
1985-02,0.01790089606223165,Market
1985-03,-0.002108939976190775,Market
1985-04,-0.0024716762841917937,Market
1985-05,0.05738190010425607,Market
1985-06,0.01827587742018657,Market
1985-07,-0.00124467191988938,Market
1985-08,-0.004544308343173513,Market
1985-09,-0.03925181490187607,Market
1985-10,0.0465726528000025,Market
1985-11,0.07093740180966082,Market
1985-12,0.045390058861322614,Market
1986-01,0.012177250612339034,Market
1986-02,0.07662161964027903,Market
1986-03,0.05452247288210524,Market
1986-04,-0.00812404595972486,Market
1986-05,0.0511876676650588,Market
1986-06,0.015492066438173512,Market
1986-07,-0.05906608407131789,Market
1986-08,0.06576318325283811,Market
1986-09,-0.08152738025833184,Market
1986-10,0.05146160643156316,Market
1986-11,0.015557850174315704,Market
1986-12,-0.02759332241454955,Market
1987-01,0.12864052880424617,Market
1987-02,0.04799943630584196,Market
1987-03,0.021228337218272067,Market
1987-04,-0.016775493649576728,Market
1987-05,0.004526503963982098,Market
1987-06,0.0444261546749083,Market
1987-07,0.04299315102444589,Market
1987-08,0.039862155004673515,Market
1987-09,-0.021557199825390352,Market
1987-10,-0.22621463068681485,Market
1987-11,-0.07441257454257365,Market
1987-12,0.07194094396650469,Market
1988-01,0.04517324278303044,Market
1988-02,0.052017444515464355,Market
1988-03,-0.018651775070779007,Market
1988-04,0.010211596540571181,Market
1988-05,0.0023779022145900934,Market
1988-06,0.05299762233132873,Market
1988-07,-0.007580765103373735,Market
1988-08,-0.027350884188839186,Market
1988-09,0.03912858880844059,Market
1988-10,0.01784602595665432,Market
1988-11,-0.017239177880720588,Market
1988-12,0.021494036294042368,Market
1989-01,0.06633334332237924,Market
1989-02,-0.01635595523483495,Market
1989-03,0.02237691449235044,Market
1989-04,0.050024001219354214,Market
1989-05,0.041053104740991275,Market
1989-06,-0.006533797161929518,Market
1989-07,0.07910712585158348,Market
1989-08,0.021705555812552915,Market
1989-09,-0.0012899563922213633,Market
1989-10,-0.02996639868072902,Market
1989-11,0.017364258390010674,Market
1989-12,0.017863585655601047,Market
1990-01,-0.07257941306954878,Market
1990-02,0.016719611361699572,Market
1990-03,0.024741432352811024,Market
1990-04,-0.026727204621364294,Market
1990-05,0.09102761130776195,Market
1990-06,-0.004651750874120121,Market
1990-07,-0.01189689028303358,Market
1990-08,-0.09470166610007076,Market
1990-09,-0.05515901535325404,Market
1990-10,-0.01226919099274192,Market
1990-11,0.06888446872539852,Market
1990-12,0.030517263642676134,Market
1991-01,0.051874841600104554,Market
1991-02,0.07697714758531703,Market
1991-03,0.03082592189155813,Market
1991-04,0.0024386018172317695,Market
1991-05,0.04126360151797744,Market
1991-06,-0.045214738852430485,Market
1991-07,0.046927905621074795,Market
1991-08,0.02775971961987297,Market
1991-09,-0.011431732755830015,Market
1991-10,0.01703970874144785,Market
1991-11,-0.03814108390402238,Market
1991-12,0.1118855549520369,Market
1992-01,-0.0026519065811821544,Market
1992-02,0.013773415921082532,Market
1992-03,-0.02301407813997118,Market
1992-04,0.014476095736658812,Market
1992-05,0.005747044433905737,Market
1992-06,-0.020090796587420162,Market
1992-07,0.04091951239894718,Market
1992-08,-0.021323401650332172,Market
1992-09,0.014532384834220969,Market
1992-10,0.012461778378671204,Market
1992-11,0.04336572992054859,Market
1992-12,0.01810113187702232,Market
1993-01,0.011382120927005319,Market
1993-02,0.003931704162263051,Market
1993-03,0.025356078621606024,Market
1993-04,-0.02799278819401384,Market
1993-05,0.03080750769634125,Market
1993-06,0.005739103406226652,Market
1993-07,-0.0013803876186863255,Market
1993-08,0.03913553452763768,Market
1993-09,0.001434509819032231,Market
1993-10,0.01587603665559308,Market
1993-11,-0.015925511555439687,Market
1993-12,0.018576000443016858,Market
1994-01,0.03136219272260566,Market
1994-02,-0.023337802327255804,Market
1994-03,-0.04515290291617368,Market
1994-04,0.009639410920537944,Market
1994-05,0.00876168547898165,Market
1994-06,-0.02739393721211703,Market
1994-07,0.03099163408696309,Market
1994-08,0.04390122705044913,Market
1994-09,-0.019676895136407538,Market
1994-10,0.01747027762727426,Market
1994-11,-0.036782933250057076,Market
1994-12,0.012995564592558125,Market
1995-01,0.02217644819571031,Market
1995-02,0.04032054442046738,Market
1995-03,0.026470253350048312,Market
1995-04,0.025495449976571452,Market
1995-05,0.03454852692952245,Market
1995-06,0.03195319688563265,Market
1995-07,0.041604216880121614,Market
1995-08,0.010180779637971035,Market
1995-09,0.03813203330277218,Market
1995-10,-0.010584507164630167,Market
1995-11,0.043460886591363865,Market
1995-12,0.015038180946742048,Market
1996-01,0.026718206536880278,Market
1996-02,0.017161881162340086,Market
1996-03,0.01131261475703993,Market
1996-04,0.025080571519783185,Market
1996-05,0.027818267340949852,Market
1996-06,-0.00688686994548477,Market
1996-07,-0.05526182692992574,Market
1996-08,0.03161507355227514,Market
1996-09,0.05453395235409673,Market
1996-10,0.013271627712949742,Market
1996-11,0.06676872958012163,Market
1996-12,-0.012556613165680939,Market
1997-01,0.05478967069706772,Market
1997-02,-0.000994557510747016,Market
1997-03,-0.04586928748718271,Market
1997-04,0.045330545043690336,Market
1997-05,0.07209366841128328,Market
1997-06,0.04467278987515792,Market
1997-07,0.07752241411331999,Market
1997-08,-0.03758592075352962,Market
1997-09,0.05776168277401659,Market
1997-10,-0.034252873873105424,Market
1997-11,0.0340027402144996,Market
1997-12,0.017664852464458647,Market
1998-01,0.005712158169818728,Market
1998-02,0.07414767723670958,Market
1998-03,0.051083000842329376,Market
1998-04,0.011553286796138736,Market
1998-05,-0.026478576022520125,Market
1998-06,0.035768782067349965,Market
1998-07,-0.02096961152740086,Market
1998-08,-0.15631964012677407,Market
1998-09,0.06603248394943471,Market
1998-10,0.07455908217674888,Market
1998-11,0.06426839680456949,Market
1998-12,0.06522346526908646,Market
1999-01,0.03808228770556052,Market
1999-02,-0.037451114397079335,Market
1999-03,0.03858127288834105,Market
1999-04,0.04588121345245094,Market
1999-05,-0.02105745046985504,Market
1999-06,0.05160719497443466,Market
1999-07,-0.03141835327252964,Market
1999-08,-0.009485296944029418,Market
1999-09,-0.02511947997496312,Market
1999-10,0.06464449272268849,Market
1999-11,0.036284241347039455,Market
1999-12,0.08011538755936543,Market
2000-01,-0.04309919359950521,Market
2000-02,0.028591147701128625,Market
2000-03,0.05907922615703261,Market
2000-04,-0.05728361807283446,Market
2000-05,-0.039311784533195476,Market
2000-06,0.0502571449197239,Market
2000-07,-0.020209976131513,Market
2000-08,0.07548575070310681,Market
2000-09,-0.048637200310381226,Market
2000-10,-0.021887956257343723,Market
2000-11,-0.10096908922634432,Market
2000-12,0.01688631192365801,Market
2001-01,0.03530704984713584,Market
2001-02,-0.09667365959824264,Market
2001-03,-0.06811045869014414,Market
2001-04,0.08302386347102166,Market
2001-05,0.010178706577450866,Market
2001-06,-0.016412800896749583,Market
2001-07,-0.017999775647809173,Market
2001-08,-0.06131902391713049,Market
2001-09,-0.08944734557208009,Market
2001-10,0.027133391752976934,Market
2001-11,0.07714180959955382,Market
2001-12,0.017322009624137005,Market
2002-01,-0.012530564988756921,Market
2002-02,-0.021333854046834147,Market
2002-03,0.043678313153401864,Market
2002-04,-0.050712402400859405,Market
2002-05,-0.012378916473618143,Market
2002-06,-0.06996149106215462,Market
2002-07,-0.08049577666603049,Market
2002-08,0.006266989333017855,Market
2002-09,-0.10201736180083429,Market
2002-10,0.07985569374070912,Market
2002-11,0.060514085231394926,Market
2002-12,-0.056671625353936446,Market
2003-01,-0.025012214886476394,Market
2003-02,-0.01817356251226381,Market
2003-03,0.011970432520279982,Market
2003-04,0.08319382426262495,Market
2003-05,0.061649383718500296,Market
2003-06,0.015149366290305662,Market
2003-07,0.024183648520250078,Market
2003-08,0.024095578091513473,Market
2003-09,-0.011609184940741793,Market
2003-10,0.061399898322058305,Market
2003-11,0.014337628658016853,Market
2003-12,0.043721917168171774,Market
2004-01,0.0219881403509519,Market
2004-02,0.014806726537070294,Market
2004-03,-0.01222600238623503,Market
2004-04,-0.017639319112018187,Market
2004-05,0.012611048686414484,Market
2004-06,0.01947848702972186,Market
2004-07,-0.03955608361760092,Market
2004-08,0.0017506590313818263,Market
2004-09,0.017135077146499988,Market
2004-10,0.015386042040624501,Market
2004-11,0.047030698056833596,Market
2004-12,0.03562677673995704,Market
2005-01,-0.02578616403824323,Market
2005-02,0.02064666219963072,Market
2005-03,-0.01762208784160611,Market
2005-04,-0.02393230524945304,Market
2005-05,0.03901423358476736,Market
2005-06,0.008002881904551144,Market
2005-07,0.04164567208387821,Market
2005-08,-0.009216712067387512,Market
2005-09,0.007975318198205768,Market
2005-10,-0.017361534426310794,Market
2005-11,0.03944940230231138,Market
2005-12,0.0005681962459252062,Market
2006-01,0.03389138907478507,Market
2006-02,0.0005940492381618539,Market
2006-03,0.018308619481697885,Market
2006-04,0.010753518510138598,Market
2006-05,-0.031847526625996526,Market
2006-06,0.0005632305978250263,Market
2006-07,-0.0038274625677308673,Market
2006-08,0.02439937679018588,Market
2006-09,0.022560441939143232,Market
2006-10,0.03603176430013281,Market
2006-11,0.021407691775733102,Market
2006-12,0.012327609299389634,Market
2007-01,0.018394150032177547,Market
2007-02,-0.01556903891144159,Market
2007-03,0.011016768984224608,Market
2007-04,0.039703501636884325,Market
2007-05,0.03651664677901156,Market
2007-06,-0.015713802998177515,Market
2007-07,-0.03344176957461085,Market
2007-08,0.013430529333052162,Market
2007-09,0.03558224967396003,Market
2007-10,0.02113799310209755,Market
2007-11,-0.04519336546060727,Market
2007-12,-0.005918517317361459,Market
2008-01,-0.061371855002957186,Market
2008-02,-0.029894287859860466,Market
2008-03,-0.0073275585664708915,Market
2008-04,0.04802126189747614,Market
2008-05,0.02017039331950913,Market
2008-06,-0.08232126146861661,Market
2008-07,-0.00598690948714886,Market
2008-08,0.016501749235095193,Market
2008-09,-0.0916164522085219,Market
2008-10,-0.17113618925660243,Market
2008-11,-0.0782405759155407,Market
2008-12,0.017976817390575543,Market
2009-01,-0.08109622259751806,Market
2009-02,-0.10065898398715163,Market
2009-03,0.08969963217609313,Market
2009-04,0.10157848385016943,Market
2009-05,0.05254946150454709,Market
2009-06,0.00448976219256328,Market
2009-07,0.07720892988442939,Market
2009-08,0.033197318730743657,Market
2009-09,0.04071698077619195,Market
2009-10,-0.025769338245565807,Market
2009-11,0.056037818782877315,Market
2009-12,0.02748831830229016,Market
2010-01,-0.034119715671439836,Market
2010-02,0.033888897534041736,Market
2010-03,0.06327662841784909,Market
2010-04,0.02034468523824767,Market
2010-05,-0.0787666344487095,Market
2010-06,-0.05661103291159062,Market
2010-07,0.06991159245951975,Market
2010-08,-0.04784758000699465,Market
2010-09,0.09589923990798728,Market
2010-10,0.03921955150748386,Market
2010-11,0.006270519524800303,Market
2010-12,0.06860949238851989,Market
2011-01,0.019971810103882083,Market
2011-02,0.03450797591746232,Market
2011-03,0.0049724944412620885,Market
2011-04,0.029229561651504768,Market
2011-05,-0.012581480924427402,Market
2011-06,-0.017386933179878855,Market
2011-07,-0.023338068712150925,Market
2011-08,-0.06005819231990209,Market
2011-09,-0.07606787408505333,Market
2011-10,0.11354072490208589,Market
2011-11,-0.002869980048109176,Market
2011-12,0.007376188593143785,Market
2012-01,0.05054544262918057,Market
2012-02,0.04436702043677099,Market
2012-03,0.03110693596875955,Market
2012-04,-0.00861760798666152,Market
2012-05,-0.062166437075607275,Market
2012-06,0.038533058622294794,Market
2012-07,0.007864353197893626,Market
2012-08,0.025680939903533352,Market
2012-09,0.027150853327264076,Market
2012-10,-0.017603749040715416,Market
2012-11,0.0076537314391437695,Market
2012-12,0.01163955604475374,Market
2013-01,0.055543255062333714,Market
2013-02,0.012644999875864609,Market
2013-03,0.04043089535184714,Market
2013-04,0.015621905175980865,Market
2013-05,0.02772814009351226,Market
2013-06,-0.011982665787335006,Market
2013-07,0.056598060419913686,Market
2013-08,-0.027231728861295813,Market
2013-09,0.037599966350320584,Market
2013-10,0.041982009934969255,Market
2013-11,0.031526534138135553,Market
2013-12,0.027490266502587853,Market
2014-01,-0.03310974053509827,Market
2014-02,0.04663277150593393,Market
2014-03,0.004023014284183818,Market
2014-04,-0.0020064008465365984,Market
2014-05,0.019939424064642716,Market
2014-06,0.026395494689495876,Market
2014-07,-0.020452276611234756,Market
2014-08,0.04220410278048731,Market
2014-09,-0.020056596362871736,Market
2014-10,0.025871308235683066,Market
2014-11,0.025500977593102887,Market
2014-12,-0.0004962717976178707,Market
2015-01,-0.030986093242711184,Market
2015-02,0.06162293779446639,Market
2015-03,-0.011117176180309725,Market
2015-04,0.006233741972150615,Market
2015-05,0.013745921209361358,Market
2015-06,-0.015084816575453363,Market
2015-07,0.013700821602720886,Market
2015-08,-0.06041774076245147,Market
2015-09,-0.030855760319721332,Market
2015-10,0.07689707846033715,Market
2015-11,0.00562126609269345,Market
2015-12,-0.021992941489393243,Market
2016-01,-0.05838956831357136,Market
2016-02,-0.00013306621119472085,Market
2016-03,0.06997815588524417,Market
2016-04,0.009907449250833254,Market
2016-05,0.018158981811557326,Market
2016-06,0.00015174820326900314,Market
2016-07,0.03933897523189428,Market
2016-08,0.0049202850895813,Market
2016-09,0.002905871031792597,Market
2016-10,-0.020487640059383555,Market
2016-11,0.04937767947466049,Market
2016-12,0.01844193155951134,Market
1929-04,-0.0067807399999999995,Speculative
1929-05,-0.1281974081632653,Speculative
1929-06,0.059500979797979796,Speculative
1929-07,-6.516999999999954e-05,Speculative
1929-08,-0.020605151515151514,Speculative
1929-09,-0.0763910306122449,Speculative
1929-10,-0.2502900306122449,Speculative
1929-11,-0.11657673195876289,Speculative
1929-12,-0.05824610101010101,Speculative
1930-01,0.1818749393939394,Speculative
1930-02,0.046518606060606066,Speculative
1930-03,0.19435274747474748,Speculative
1930-04,-0.04305972727272726,Speculative
1930-05,-0.06706558585858585,Speculative
1930-06,-0.2328949375,Speculative
1930-07,0.03423782474226804,Speculative
1930-08,-0.06082815,Speculative
1930-09,-0.20297334020618557,Speculative
1930-10,-0.11097201,Speculative
1930-11,-0.019191947916666667,Speculative
1930-12,-0.2183036458333333,Speculative
1931-01,0.2717668979591837,Speculative
1931-02,0.2017811020408163,Speculative
1931-03,-0.07688510204081633,Speculative
1931-04,-0.19847134343434342,Speculative
1931-05,-0.16279208080808083,Speculative
1931-06,0.2908465757575757,Speculative
1931-07,-0.10705120202020203,Speculative
1931-08,-0.019597848484848485,Speculative
1931-09,-0.348086,Speculative
1931-10,0.07893289795918368,Speculative
1931-11,-0.08658228571428571,Speculative
1931-12,-0.23321474468085107,Speculative
1932-01,0.19883748,Speculative
1932-02,-0.00426888888888889,Speculative
1932-03,-0.15043479797979797,Speculative
1932-04,-0.22712990425531918,Speculative
1932-05,-0.20271938541666668,Speculative
1932-06,0.10110673684210526,Speculative
1932-07,0.6775458799999999,Speculative
1932-08,1.0510841212121211,Speculative
1932-09,-0.09778979797979799,Speculative
1932-10,-0.2151682,Speculative
1932-11,-0.13839043,Speculative
1932-12,-0.07848976,Speculative
1933-01,0.0728967,Speculative
1933-02,-0.2263379595959596,Speculative
1933-03,0.09163133333333334,Speculative
1933-04,0.62911173,Speculative
1933-05,0.9028500816326531,Speculative
1933-06,0.29608780208333335,Speculative
1933-07,-0.07667669,Speculative
1933-08,0.09769558,Speculative
1933-09,-0.20981322,Speculative
1933-10,-0.13862389,Speculative
1933-11,0.04678507,Speculative
1933-12,0.012188306122448981,Speculative
1934-01,0.4707434545454546,Speculative
1934-02,0.01790335,Speculative
1934-03,-0.02579701,Speculative
1934-04,-0.027291379999999997,Speculative
1934-05,-0.13523439795918368,Speculative
1934-06,-0.0028459285714285726,Speculative
1934-07,-0.2541267551020408,Speculative
1934-08,0.1117010404040404,Speculative
1934-09,-0.026360050505050504,Speculative
1934-10,-0.07246688,Speculative
1934-11,0.1254087373737374,Speculative
1934-12,-0.01414290909090909,Speculative
1935-01,-0.06478718,Speculative
1935-02,-0.14408635714285714,Speculative
1935-03,-0.10826982828282827,Speculative
1935-04,0.13318333000000002,Speculative
1935-05,0.04102408,Speculative
1935-06,0.02476821,Speculative
1935-07,0.15801815151515153,Speculative
1935-08,0.17440197959183676,Speculative
1935-09,-0.03080091836734694,Speculative
1935-10,0.11185105000000001,Speculative
1935-11,0.30050366,Speculative
1935-12,0.0222221,Speculative
1936-01,0.22096333999999998,Speculative
1936-02,0.060741189999999994,Speculative
1936-03,0.0062043333333333325,Speculative
1936-04,-0.14856831,Speculative
1936-05,0.046949199999999996,Speculative
1936-06,-0.0010909800000000005,Speculative
1936-07,0.10675364,Speculative
1936-08,0.03955459,Speculative
1936-09,0.0550200404040404,Speculative
1936-10,0.0739804,Speculative
1936-11,0.14457782,Speculative
1936-12,0.04124287,Speculative
1937-01,0.14555234343434342,Speculative
1937-02,0.03910545454545454,Speculative
1937-03,0.026858797979797976,Speculative
1937-04,-0.13294572727272727,Speculative
1937-05,-0.054383797979797976,Speculative
1937-06,-0.11428909090909091,Speculative
1937-07,0.15022896000000002,Speculative
1937-08,-0.08295396999999999,Speculative
1937-09,-0.24890473,Speculative
1937-10,-0.09583378,Speculative
1937-11,-0.13819155,Speculative
1937-12,-0.16196437,Speculative
1938-01,0.07063072,Speculative
1938-02,0.06440920202020202,Speculative
1938-03,-0.35653271,Speculative
1938-04,0.28643359,Speculative
1938-05,-0.090316,Speculative
1938-06,0.3741078163265306,Speculative
1938-07,0.18898825252525253,Speculative
1938-08,-0.09375825,Speculative
1938-09,-0.02261027,Speculative
1938-10,0.23286450505050504,Speculative
1938-11,-0.10151105102040817,Speculative
1938-12,0.05488125,Speculative
1939-01,-0.09457508,Speculative
1939-02,0.025146323232323235,Speculative
1939-03,-0.23777059,Speculative
1939-04,-0.01520608163265306,Speculative
1939-05,0.06955271428571429,Speculative
1939-06,-0.13582370833333332,Speculative
1939-07,0.18639151515151517,Speculative
1939-08,-0.13144540404040403,Speculative
1939-09,0.881647,Speculative
1939-10,-0.07158929,Speculative
1939-11,-0.17530558,Speculative
1939-12,-0.0268659797979798,Speculative
1940-01,-0.05392323,Speculative
1940-02,0.015457589999999998,Speculative
1940-03,0.01511667,Speculative
1940-04,-0.05005813,Speculative
1940-05,-0.30872488775510204,Speculative
1940-06,0.11065347959183675,Speculative
1940-07,0.018418780000000003,Speculative
1940-08,0.036921612244897956,Speculative
1940-09,0.05097965625,Speculative
1940-10,0.07364929292929294,Speculative
1940-11,-0.03082288888888889,Speculative
1940-12,-0.04675657142857143,Speculative
1941-01,0.11674651515151516,Speculative
1941-02,-0.027151111111111115,Speculative
1941-03,0.01915106,Speculative
1941-04,-0.09845012,Speculative
1941-05,-0.0067245399999999985,Speculative
1941-06,0.05788869,Speculative
1941-07,0.27113790000000004,Speculative
1941-08,-0.02795809090909091,Speculative
1941-09,-0.044065313131313136,Speculative
1941-10,-0.12804638000000002,Speculative
1941-11,-0.09660192000000001,Speculative
1941-12,-0.15210091,Speculative
1942-01,0.33644863999999997,Speculative
1942-02,-0.02401472,Speculative
1942-03,-0.04984801,Speculative
1942-04,-0.05296385,Speculative
1942-05,0.02700359,Speculative
1942-06,0.005469689999999999,Speculative
1942-07,0.06481443434343434,Speculative
1942-08,0.02791549494949495,Speculative
1942-09,0.08819265656565657,Speculative
1942-10,0.20910482000000002,Speculative
1942-11,-0.06522704,Speculative
1942-12,0.013058779999999999,Speculative
1943-01,0.25187491,Speculative
1943-02,0.19574861616161615,Speculative
1943-03,0.16116327272727274,Speculative
1943-04,0.05735180808080808,Speculative
1943-05,0.09955941414141414,Speculative
1943-06,0.006416535353535354,Speculative
1943-07,-0.08498789999999999,Speculative
1943-08,-0.0027356060606060616,Speculative
1943-09,0.048319730000000005,Speculative
1943-10,-0.00803711,Speculative
1943-11,-0.14020438383838382,Speculative
1943-12,0.13438340816326533,Speculative
1944-01,0.08608719191919191,Speculative
1944-02,0.025301357142857143,Speculative
1944-03,0.06130881632653062,Speculative
1944-04,-0.051339930000000006,Speculative
1944-05,0.06864613131313131,Speculative
1944-06,0.2218758888888889,Speculative
1944-07,-0.023118727272727273,Speculative
1944-08,0.057355020202020206,Speculative
1944-09,-0.014973767676767676,Speculative
1944-10,-0.020947858585858584,Speculative
1944-11,0.015424181818181818,Speculative
1944-12,0.13273563636363636,Speculative
1945-01,0.061016828282828284,Speculative
1945-02,0.10940963636363638,Speculative
1945-03,-0.0930209191919192,Speculative
1945-04,0.10416268000000001,Speculative
1945-05,0.05696001,Speculative
1945-06,0.08977032,Speculative
1945-07,-0.039719199999999996,Speculative
1945-08,0.06474529999999999,Speculative
1945-09,0.07347408999999999,Speculative
1945-10,0.09336038383838384,Speculative
1945-11,0.12987938144329897,Speculative
1945-12,0.03148755670103093,Speculative
1946-01,0.14208567,Speculative
1946-02,-0.08318716,Speculative
1946-03,0.0283243,Speculative
1946-04,0.04133872,Speculative
1946-05,0.07899789,Speculative
1946-06,-0.05015912,Speculative
1946-07,-0.06938739,Speculative
1946-08,-0.09430437,Speculative
1946-09,-0.19260564,Speculative
1946-10,-0.010821289999999999,Speculative
1946-11,-0.01911466666666667,Speculative
1946-12,0.027167444444444442,Speculative
1947-01,0.07396019,Speculative
1947-02,-0.00469269,Speculative
1947-03,-0.05512007000000001,Speculative
1947-04,-0.13399281999999998,Speculative
1947-05,-0.07031522,Speculative
1947-06,0.055003409999999996,Speculative
1947-07,0.08366797,Speculative
1947-08,-0.03685031,Speculative
1947-09,0.006324270000000001,Speculative
1947-10,0.0457449797979798,Speculative
1947-11,-0.06640530303030304,Speculative
1947-12,0.010928727272727272,Speculative
1948-01,0.02387882,Speculative
1948-02,-0.08741107,Speculative
1948-03,0.12698641,Speculative
1948-04,0.02824288,Speculative
1948-05,0.12973346000000002,Speculative
1948-06,-0.040213320000000004,Speculative
1948-07,-0.07237283,Speculative
1948-08,-0.00901205,Speculative
1948-09,-0.07867205000000001,Speculative
1948-10,0.0699069898989899,Speculative
1948-11,-0.1506518686868687,Speculative
1948-12,-0.016621,Speculative
1949-01,0.03045445,Speculative
1949-02,-0.07269924,Speculative
1949-03,0.08360706000000001,Speculative
1949-04,-0.06168731,Speculative
1949-05,-0.09911657,Speculative
1949-06,-0.00837642,Speculative
1949-07,0.07235674,Speculative
1949-08,0.012731430000000002,Speculative
1949-09,0.07260182,Speculative
1949-10,0.07374335,Speculative
1949-11,-0.02946574,Speculative
1949-12,0.11284306000000001,Speculative
1950-01,0.08472686,Speculative
1950-02,0.0174391,Speculative
1950-03,-0.008286100000000001,Speculative
1950-04,0.11174986,Speculative
1950-05,0.014066353535353534,Speculative
1950-06,-0.09084389898989899,Speculative
1950-07,0.12049582828282829,Speculative
1950-08,0.03866955555555556,Speculative
1950-09,0.043691828282828284,Speculative
1950-10,-0.018395349999999998,Speculative
1950-11,0.03768035,Speculative
1950-12,0.1416721,Speculative
1951-01,0.09486649,Speculative
1951-02,-0.0017069900000000013,Speculative
1951-03,-0.0380989494949495,Speculative
1951-04,0.03813053,Speculative
1951-05,-0.055265760000000004,Speculative
1951-06,-0.04718283,Speculative
1951-07,0.051082140000000005,Speculative
1951-08,0.05418145,Speculative
1951-09,0.0224878,Speculative
1951-10,-0.0313422,Speculative
1951-11,0.00363498,Speculative
1951-12,-0.0008690200000000003,Speculative
1952-01,0.0073048,Speculative
1952-02,-0.03627838,Speculative
1952-03,0.0146835,Speculative
1952-04,-0.056439779999999995,Speculative
1952-05,0.011230180000000001,Speculative
1952-06,0.03375774,Speculative
1952-07,0.0024380800000000005,Speculative
1952-08,-0.01410124,Speculative
1952-09,-0.02935688,Speculative
1952-10,-0.02090390909090909,Speculative
1952-11,0.05086363636363636,Speculative
1952-12,0.017490757575757576,Speculative
1953-01,0.02919761,Speculative
1953-02,0.011519171717171718,Speculative
1953-03,-0.013663510204081632,Speculative
1953-04,-0.033204910000000004,Speculative
1953-05,0.00233826,Speculative
1953-06,-0.04427525,Speculative
1953-07,0.01579497,Speculative
1953-08,-0.08099223,Speculative
1953-09,-0.030877808080808082,Speculative
1953-10,0.02673654,Speculative
1953-11,0.01649763,Speculative
1953-12,-0.05609708,Speculative
1954-01,0.12830903,Speculative
1954-02,-0.00425907,Speculative
1954-03,0.01205314,Speculative
1954-04,-0.00524948720057,Speculative
1954-05,0.06330258585858586,Speculative
1954-06,-0.007117121212121211,Speculative
1954-07,0.09655419191919193,Speculative
1954-08,-0.0026159797979797973,Speculative
1954-09,0.036886858585858585,Speculative
1954-10,-0.021068632653061223,Speculative
1954-11,0.10151052040816327,Speculative
1954-12,0.1602153469387755,Speculative
1955-01,0.012574690000000001,Speculative
1955-02,0.05694762626262626,Speculative
1955-03,-0.004465091836734695,Speculative
1955-04,0.011213232323232323,Speculative
1955-05,0.01572338383838384,Speculative
1955-06,0.02212108080808081,Speculative
1955-07,0.00926082,Speculative
1955-08,-0.005335151515151515,Speculative
1955-09,0.007278020202020201,Speculative
1955-10,-0.029732171717171716,Speculative
1955-11,0.04312087,Speculative
1955-12,0.03407647474747475,Speculative
1956-01,-0.022370559999999998,Speculative
1956-02,0.033439131313131316,Speculative
1956-03,0.032005181818181815,Speculative
1956-04,1.6349999999999977e-05,Speculative
1956-05,-0.053283205098749994,Speculative
1956-06,0.014028717171717173,Speculative
1956-07,0.029605060000000002,Speculative
1956-08,-0.02498408,Speculative
1956-09,-0.04736591,Speculative
1956-10,-0.00999509,Speculative
1956-11,-0.00268475,Speculative
1956-12,0.00507671,Speculative
1957-01,0.01926976,Speculative
1957-02,-0.04095605,Speculative
1957-03,0.01439778,Speculative
1957-04,0.02218599,Speculative
1957-05,0.020573252525252526,Speculative
1957-06,-0.015159787878787878,Speculative
1957-07,0.0085936,Speculative
1957-08,-0.06830779797979798,Speculative
1957-09,-0.0802700808080808,Speculative
1957-10,-0.11009493,Speculative
1957-11,0.00953703,Speculative
1957-12,-0.08574898000000002,Speculative
1958-01,0.19275229,Speculative
1958-02,-0.03011206111888,Speculative
1958-03,0.03618657731958763,Speculative
1958-04,0.03640634,Speculative
1958-05,0.04888062,Speculative
1958-06,0.06423598,Speculative
1958-07,0.08045202020202019,Speculative
1958-08,0.03465204040404041,Speculative
1958-09,0.0871275612244898,Speculative
1958-10,0.01224408,Speculative
1958-11,0.03285535,Speculative
1958-12,0.04227818,Speculative
1959-01,0.047425560000000005,Speculative
1959-02,0.014158,Speculative
1959-03,0.015616540000000002,Speculative
1959-04,0.023889,Speculative
1959-05,0.01255569,Speculative
1959-06,-0.0073875699999999996,Speculative
1959-07,0.027948090000000002,Speculative
1959-08,-0.02922736,Speculative
1959-09,-0.06536692000000001,Speculative
1959-10,0.011043669999999998,Speculative
1959-11,0.0033867600000000004,Speculative
1959-12,0.01782607,Speculative
1960-01,-0.022946900000000003,Speculative
1960-02,-0.0079516,Speculative
1960-03,-0.04462062000000001,Speculative
1960-04,-0.049663820000000004,Speculative
1960-05,0.00541478,Speculative
1960-06,0.015171599999999999,Speculative
1960-07,-0.023857979999999997,Speculative
1960-08,0.06393745454545455,Speculative
1960-09,-0.09338714141414141,Speculative
1960-10,-0.04147596938775511,Speculative
1960-11,0.021371102040816325,Speculative
1960-12,0.03169669072164948,Speculative
1961-01,0.12678213131313132,Speculative
1961-02,0.08236903125,Speculative
1961-03,0.06424842708333334,Speculative
1961-04,-0.010225797979797979,Speculative
1961-05,0.06042836363636364,Speculative
1961-06,-0.0638832142857143,Speculative
1961-07,-0.008028760000000001,Speculative
1961-08,-0.0037953100000000005,Speculative
1961-09,-0.05558418,Speculative
1961-10,-0.01054948,Speculative
1961-11,0.041948059999999995,Speculative
1961-12,0.0007785555555555552,Speculative
1962-01,0.0003727600000000003,Speculative
1962-02,0.007839069999999998,Speculative
1962-03,-0.02616183,Speculative
1962-04,-0.09507486868686868,Speculative
1962-05,-0.12850223232323232,Speculative
1962-06,-0.13166934343434344,Speculative
1962-07,0.10592997999999999,Speculative
1962-08,0.03888966,Speculative
1962-09,-0.09382526000000001,Speculative
1962-10,-0.04462958585858586,Speculative
1962-11,0.20495011,Speculative
1962-12,-0.06368035,Speculative
1963-01,0.10940706,Speculative
1963-02,-0.041110110000000005,Speculative
1963-03,-0.0034605400000000002,Speculative
1963-04,0.024240599999999998,Speculative
1963-05,0.04656322,Speculative
1963-06,-0.02385931313131313,Speculative
1963-07,-0.02028307,Speculative
1963-08,0.04768192,Speculative
1963-09,-0.03500805050505051,Speculative
1963-10,0.040326560000000004,Speculative
1963-11,-0.01826353,Speculative
1963-12,-0.01261715112963,Speculative
1964-01,0.010088333333333333,Speculative
1964-02,0.02801223232323232,Speculative
1964-03,0.04010833333333333,Speculative
1964-04,-0.01769182,Speculative
1964-05,-0.0038388499999999996,Speculative
1964-06,0.02345749,Speculative
1964-07,0.02667125,Speculative
1964-08,-0.015048680000000002,Speculative
1964-09,0.05765440404040405,Speculative
1964-10,0.011104339999999999,Speculative
1964-11,-0.0001349900000000003,Speculative
1964-12,-0.01446407,Speculative
1965-01,0.07201228,Speculative
1965-02,0.02789726,Speculative
1965-03,0.00158912,Speculative
1965-04,0.0399865,Speculative
1965-05,-0.0183401,Speculative
1965-06,-0.08660902,Speculative
1965-07,0.02365895,Speculative
1965-08,0.05836948,Speculative
1965-09,0.03912903,Speculative
1965-10,0.052790300000000005,Speculative
1965-11,0.028059439999999998,Speculative
1965-12,0.059600530000000006,Speculative
1966-01,0.04042726804123711,Speculative
1966-02,0.038285602040816324,Speculative
1966-03,-0.014343960125591838,Speculative
1966-04,0.041772282828282825,Speculative
1966-05,-0.10010885714285714,Speculative
1966-06,-0.011394075392959183,Speculative
1966-07,-0.01978339393939394,Speculative
1966-08,-0.0998655,Speculative
1966-09,-0.016826989795918366,Speculative
1966-10,-0.00511903,Speculative
1966-11,0.09127321000000001,Speculative
1966-12,0.018449767676767675,Speculative
1967-01,0.19863696,Speculative
1967-02,0.03841776,Speculative
1967-03,0.0613489797979798,Speculative
1967-04,0.0382349,Speculative
1967-05,-0.024287828282828283,Speculative
1967-06,0.06114235914359596,Speculative
1967-07,0.06965594949494949,Speculative
1967-08,-0.009416,Speculative
1967-09,0.030776252525252526,Speculative
1967-10,-0.04166678787878788,Speculative
1967-11,0.004633727272727273,Speculative
1967-12,0.054516214285714286,Speculative
1968-01,-0.042959880000000006,Speculative
1968-02,-0.06489345454545455,Speculative
1968-03,-0.0025756262626262633,Speculative
1968-04,0.13012311000000001,Speculative
1968-05,0.06002587,Speculative
1968-06,-0.02614748,Speculative
1968-07,-0.07533214141414141,Speculative
1968-08,0.011734484848484848,Speculative
1968-09,0.07439156565656566,Speculative
1968-10,-0.01206813,Speculative
1968-11,0.09164291000000001,Speculative
1968-12,-0.034790220000000004,Speculative
1969-01,-0.02842369,Speculative
1969-02,-0.11172810999999999,Speculative
1969-03,0.00198132,Speculative
1969-04,-0.0006579199999999998,Speculative
1969-05,-0.027042160000000003,Speculative
1969-06,-0.12093585000000001,Speculative
1969-07,-0.13616141414141414,Speculative
1969-08,0.08509143434343434,Speculative
1969-09,-0.036705353535353535,Speculative
1969-10,0.10374501,Speculative
1969-11,-0.07305856000000001,Speculative
1969-12,-0.0855799339985,Speculative
1970-01,-0.10054345454545455,Speculative
1970-02,0.04733553535353536,Speculative
1970-03,-0.04015448484848485,Speculative
1970-04,-0.20062611,Speculative
1970-05,-0.120819,Speculative
1970-06,-0.10559621,Speculative
1970-07,0.08259569387755103,Speculative
1970-08,0.1316932857142857,Speculative
1970-09,0.1850641224489796,Speculative
1970-10,-0.13890266,Speculative
1970-11,0.00546645,Speculative
1970-12,0.0832539191919192,Speculative
1971-01,0.13639537000000002,Speculative
1971-02,0.03767305,Speculative
1971-03,0.075001,Speculative
1971-04,0.030808222222222223,Speculative
1971-05,-0.07403952525252526,Speculative
1971-06,-0.037485141414141415,Speculative
1971-07,-0.07439836999999999,Speculative
1971-08,0.05620759,Speculative
1971-09,-0.02471235,Speculative
1971-10,-0.08685281,Speculative
1971-11,-0.03830883,Speculative
1971-12,0.14460787,Speculative
1972-01,0.06308737,Speculative
1972-02,0.04180762,Speculative
1972-03,-0.01340247,Speculative
1972-04,-0.0028771,Speculative
1972-05,-0.04212968,Speculative
1972-06,-0.05612449,Speculative
1972-07,-0.0566618,Speculative
1972-08,0.020788519999999998,Speculative
1972-09,-0.03331876,Speculative
1972-10,-0.032295979591836735,Speculative
1972-11,0.07603053535353535,Speculative
1972-12,-0.05605109090909091,Speculative
1973-01,-0.10714714,Speculative
1973-02,-0.09416600000000001,Speculative
1973-03,-0.045435383838383844,Speculative
1973-04,-0.12212564000000001,Speculative
1973-05,-0.13497379,Speculative
1973-06,-0.05639360606060606,Speculative
1973-07,0.18324837,Speculative
1973-08,-0.054838838383838386,Speculative
1973-09,0.10825018367346939,Speculative
1973-10,-0.0720795,Speculative
1973-11,-0.24125178000000003,Speculative
1973-12,-0.03154778562048,Speculative
1974-01,0.10348775,Speculative
1974-02,0.004010580000000001,Speculative
1974-03,-0.02026902,Speculative
1974-04,-0.09283659999999999,Speculative
1974-05,-0.1097381,Speculative
1974-06,-0.04870474747474748,Speculative
1974-07,-0.08673960000000001,Speculative
1974-08,-0.10765459,Speculative
1974-09,-0.12039769696969696,Speculative
1974-10,0.18723278000000002,Speculative
1974-11,-0.02276504,Speculative
1974-12,-0.06467560606060606,Speculative
1975-01,0.29767199,Speculative
1975-02,0.10532807,Speculative
1975-03,0.09094336,Speculative
1975-04,0.055444320000000005,Speculative
1975-05,0.0835197,Speculative
1975-06,0.07079189999999999,Speculative
1975-07,-0.06033124,Speculative
1975-08,-0.05231171,Speculative
1975-09,-0.05795924242424243,Speculative
1975-10,0.028679290000000003,Speculative
1975-11,0.02942708,Speculative
1975-12,-0.0032910400000000007,Speculative
1976-01,0.15737088999999999,Speculative
1976-02,0.03455609,Speculative
1976-03,0.009023370000000001,Speculative
1976-04,-0.01817753,Speculative
1976-05,-0.013990010000000002,Speculative
1976-06,0.056495838383838384,Speculative
1976-07,-0.01653024,Speculative
1976-08,-0.028489357142857143,Speculative
1976-09,0.02462933,Speculative
1976-10,-0.043989089999999995,Speculative
1976-11,0.01890486,Speculative
1976-12,0.06866799999999999,Speculative
1977-01,-0.06514837,Speculative
1977-02,-0.02785272,Speculative
1977-03,-0.020371969696969694,Speculative
1977-04,-0.01369412,Speculative
1977-05,-0.01917859,Speculative
1977-06,0.07372853,Speculative
1977-07,-0.01685679,Speculative
1977-08,0.0003376400000000001,Speculative
1977-09,0.0066703199999999995,Speculative
1977-10,-0.03576707,Speculative
1977-11,0.07644631313131314,Speculative
1977-12,0.003760373737373737,Speculative
1978-01,-0.05249548,Speculative
1978-02,-0.010874479999999999,Speculative
1978-03,0.06767184,Speculative
1978-04,0.10297731,Speculative
1978-05,0.04818859595959596,Speculative
1978-06,-0.0169060202020202,Speculative
1978-07,0.06106731,Speculative
1978-08,0.04576282828282829,Speculative
1978-09,-0.006025161616161616,Speculative
1978-10,-0.180697,Speculative
1978-11,0.07041959,Speculative
1978-12,0.01339179,Speculative
1979-01,0.06248867676767676,Speculative
1979-02,-0.02693227551020408,Speculative
1979-03,0.10748276767676768,Speculative
1979-04,-0.00099182,Speculative
1979-05,-0.006414110000000001,Speculative
1979-06,0.10349320202020203,Speculative
1979-07,0.04978793000000001,Speculative
1979-08,0.08893205,Speculative
1979-09,-0.012276636363636363,Speculative
1979-10,-0.10639659,Speculative
1979-11,0.07857364,Speculative
1979-12,0.050869099999999993,Speculative
1980-01,0.06623991,Speculative
1980-02,-0.042819079999999995,Speculative
1980-03,-0.13873104,Speculative
1980-04,0.05298597,Speculative
1980-05,0.08636954545454545,Speculative
1980-06,0.03313226262626263,Speculative
1980-07,0.10425459,Speculative
1980-08,0.031451509999999995,Speculative
1980-09,0.029525688412009997,Speculative
1980-10,0.0109377,Speculative
1980-11,0.0763214081632653,Speculative
1980-12,-0.042500125,Speculative
1981-01,-0.03905844,Speculative
1981-02,0.012334222222222222,Speculative
1981-03,0.08696328282828283,Speculative
1981-04,0.0078134,Speculative
1981-05,0.02027155,Speculative
1981-06,-0.03529014141414141,Speculative
1981-07,0.02116222,Speculative
1981-08,-0.06661891,Speculative
1981-09,-0.09800477,Speculative
1981-10,0.09063634000000001,Speculative
1981-11,0.03924045,Speculative
1981-12,-0.03503196969696969,Speculative
1982-01,-0.06741712999999999,Speculative
1982-02,-0.0966164,Speculative
1982-03,-0.05006066,Speculative
1982-04,0.044571820000000005,Speculative
1982-05,-0.057074889999999996,Speculative
1982-06,-0.06548552,Speculative
1982-07,-0.035970080808080805,Speculative
1982-08,0.1461609696969697,Speculative
1982-09,-0.018000479591836732,Speculative
1982-10,0.18136707999999999,Speculative
1982-11,0.051293,Speculative
1982-12,-0.0047816199999999994,Speculative
1983-01,0.07498713,Speculative
1983-02,0.0013051699999999987,Speculative
1983-03,0.01566684,Speculative
1983-04,0.05703656000000001,Speculative
1983-05,0.06486061,Speculative
1983-06,0.05109069,Speculative
1983-07,-0.04807454,Speculative
1983-08,-0.005045535353535353,Speculative
1983-09,0.01038461616161616,Speculative
1983-10,-0.06766134343434344,Speculative
1983-11,0.0547539292929293,Speculative
1983-12,-0.020760298969072163,Speculative
1984-01,-0.04848057,Speculative
1984-02,-0.07180183999999999,Speculative
1984-03,0.0032902199999999986,Speculative
1984-04,-0.021421479999999996,Speculative
1984-05,-0.07898665,Speculative
1984-06,0.03025029,Speculative
1984-07,-0.07725266,Speculative
1984-08,0.17230128,Speculative
1984-09,-0.035038309999999996,Speculative
1984-10,-0.038750429999999995,Speculative
1984-11,-0.03897885714285714,Speculative
1984-12,0.019419795918367348,Speculative
1985-01,0.13715629,Speculative
1985-02,-0.005037589999999998,Speculative
1985-03,-0.04027228,Speculative
1985-04,-0.04039049,Speculative
1985-05,0.02526565,Speculative
1985-06,-0.017622367346938776,Speculative
1985-07,0.03287169,Speculative
1985-08,-0.03319113131313131,Speculative
1985-09,-0.08151321428571429,Speculative
1985-10,-0.010891179980262625,Speculative
1985-11,0.0930520306122449,Speculative
1985-12,0.03848310204081633,Speculative
1986-01,0.0020755900000000004,Speculative
1986-02,0.07354139393939395,Speculative
1986-03,0.04345623232323232,Speculative
1986-04,-0.0005220909090909098,Speculative
1986-05,0.03223135353535353,Speculative
1986-06,-0.04006809090909091,Speculative
1986-07,-0.09923322000000001,Speculative
1986-08,0.0719840303030303,Speculative
1986-09,-0.061181262626262625,Speculative
1986-10,0.03654979925692,Speculative
1986-11,-0.004050112244897959,Speculative
1986-12,-0.036352887755102044,Speculative
1987-01,0.15181739,Speculative
1987-02,0.09258048,Speculative
1987-03,0.00588403,Speculative
1987-04,-0.03594603,Speculative
1987-05,0.01734585,Speculative
1987-06,0.01250689,Speculative
1987-07,0.03373718181818182,Speculative
1987-08,0.04379415463917526,Speculative
1987-09,-0.04011161855670103,Speculative
1987-10,-0.31093024,Speculative
1987-11,-0.05957754,Speculative
1987-12,0.08160462,Speculative
1988-01,0.056606909999999996,Speculative
1988-02,0.08845508080808082,Speculative
1988-03,0.014283262626262625,Speculative
1988-04,0.0028849599999999998,Speculative
1988-05,-0.0020668888888888885,Speculative
1988-06,0.09122694845360825,Speculative
1988-07,-0.026521444444444445,Speculative
1988-08,-0.03445609090909091,Speculative
1988-09,0.03309722222222222,Speculative
1988-10,-0.02015519,Speculative
1988-11,-0.032875390000000004,Speculative
1988-12,0.05002627,Speculative
1989-01,0.0750818,Speculative
1989-02,-0.015023818181818182,Speculative
1989-03,-0.004093444444444445,Speculative
1989-04,0.049855020202020206,Speculative
1989-05,0.060923877551020404,Speculative
1989-06,-0.04072986734693878,Speculative
1989-07,0.020130409999999998,Speculative
1989-08,0.03426593,Speculative
1989-09,-0.01445779797979798,Speculative
1989-10,-0.07934305,Speculative
1989-11,0.02458689898989899,Speculative
1989-12,-0.0010568989898989902,Speculative
1990-01,-0.10331274747474747,Speculative
1990-02,0.04667715,Speculative
1990-03,0.037610343434343434,Speculative
1990-04,-0.05679211111111111,Speculative
1990-05,0.09858444444444445,Speculative
1990-06,-0.009973292929292929,Speculative
1990-07,-0.08623379,Speculative
1990-08,-0.15547466999999998,Speculative
1990-09,-0.14493544,Speculative
1990-10,-0.08162055555555556,Speculative
1990-11,0.13983264646464647,Speculative
1990-12,0.04610382828282828,Speculative
1991-01,0.09939703,Speculative
1991-02,0.15265617,Speculative
1991-03,0.05338973,Speculative
1991-04,0.0247085,Speculative
1991-05,0.041886559999999996,Speculative
1991-06,-0.06314142,Speculative
1991-07,0.0342682,Speculative
1991-08,0.04706249,Speculative
1991-09,-0.029589232323232323,Speculative
1991-10,0.00662655,Speculative
1991-11,-0.052600360000000006,Speculative
1991-12,0.09590531000000001,Speculative
1992-01,0.061786459183673474,Speculative
1992-02,0.04607286734693877,Speculative
1992-03,-0.06605288775510204,Speculative
1992-04,-0.04487904,Speculative
1992-05,0.029756969999999997,Speculative
1992-06,-0.04990515151515152,Speculative
1992-07,0.02669451,Speculative
1992-08,-0.042960700000000004,Speculative
1992-09,0.00554918,Speculative
1992-10,0.05812894,Speculative
1992-11,0.07741857,Speculative
1992-12,0.018098290000000003,Speculative
1993-01,0.0006696299999999999,Speculative
1993-02,-0.06685765,Speculative
1993-03,0.012191990000000002,Speculative
1993-04,-0.03646835,Speculative
1993-05,0.06275663,Speculative
1993-06,-0.006590169999999999,Speculative
1993-07,-0.02640247,Speculative
1993-08,0.04000024,Speculative
1993-09,0.0018352517599999991,Speculative
1993-10,0.01429165,Speculative
1993-11,-0.00857379797979798,Speculative
1993-12,0.039427363636363635,Speculative
1994-01,0.05193833333333333,Speculative
1994-02,-0.027566191919191917,Speculative
1994-03,-0.05153984848484849,Speculative
1994-04,0.0021551099999999996,Speculative
1994-05,0.020217580000000002,Speculative
1994-06,-0.039445930000000004,Speculative
1994-07,0.022325750000000002,Speculative
1994-08,0.07172760606060606,Speculative
1994-09,-0.013850878787878789,Speculative
1994-10,0.013080030303030302,Speculative
1994-11,-0.055249373737373736,Speculative
1994-12,-0.009814565656565657,Speculative
1995-01,0.008155050505050504,Speculative
1995-02,0.055728151515151515,Speculative
1995-03,0.018578836734693877,Speculative
1995-04,0.0007062900000000005,Speculative
1995-05,0.02045692,Speculative
1995-06,0.052053770000000006,Speculative
1995-07,0.05649361616161616,Speculative
1995-08,0.025735418367346937,Speculative
1995-09,-0.003572551020408163,Speculative
1995-10,-0.05854014141414142,Speculative
1995-11,0.05747127272727273,Speculative
1995-12,0.010624656565656566,Speculative
1996-01,-0.0034598999999999997,Speculative
1996-02,0.023121520000000003,Speculative
1996-03,0.01205894,Speculative
1996-04,0.07214161,Speculative
1996-05,0.0055969999999999995,Speculative
1996-06,-0.06878948,Speculative
1996-07,-0.11042246464646466,Speculative
1996-08,0.0712669696969697,Speculative
1996-09,0.05641357142857143,Speculative
1996-10,-0.05380257,Speculative
1996-11,0.09097206,Speculative
1996-12,-0.020206519999999995,Speculative
1997-01,0.02302270707070707,Speculative
1997-02,-0.017142242424242428,Speculative
1997-03,-0.08464974747474749,Speculative
1997-04,0.0024487700000000003,Speculative
1997-05,0.13049513000000001,Speculative
1997-06,0.023820309278350514,Speculative
1997-07,0.06773145,Speculative
1997-08,-0.0003137373737373731,Speculative
1997-09,0.05375673958333333,Speculative
1997-10,-0.08479173,Speculative
1997-11,-0.01822646,Speculative
1997-12,-0.0016933571428571418,Speculative
1998-01,-0.01245737,Speculative
1998-02,0.10382305,Speculative
1998-03,0.04246038383838384,Speculative
1998-04,0.00704212,Speculative
1998-05,-0.07611126,Speculative
1998-06,-0.01515643,Speculative
1998-07,-0.10005798,Speculative
1998-08,-0.24212213020711112,Speculative
1998-09,0.12839261458333334,Speculative
1998-10,0.14488848484848485,Speculative
1998-11,0.02654211224489796,Speculative
1998-12,0.06189624979447423,Speculative
1999-01,-0.027210071428571427,Speculative
1999-02,-0.07069616326530613,Speculative
1999-03,0.02852888775510204,Speculative
1999-04,0.1031518585858586,Speculative
1999-05,0.03868008080808081,Speculative
1999-06,0.0250910824742268,Speculative
1999-07,-0.0592629696969697,Speculative
1999-08,-0.0748949793814433,Speculative
1999-09,-0.03401262886597938,Speculative
1999-10,-0.030030070000000002,Speculative
1999-11,0.04919868566335714,Speculative
1999-12,0.04389251546391752,Speculative
2000-01,-0.06117141,Speculative
2000-02,0.001506340000000004,Speculative
2000-03,0.0722248,Speculative
2000-04,-0.09825742999999999,Speculative
2000-05,-0.017639210000000002,Speculative
2000-06,0.04363978,Speculative
2000-07,-0.07752394949494949,Speculative
2000-08,0.1010384387755102,Speculative
2000-09,-0.0784799793814433,Speculative
2000-10,-0.06086063265306123,Speculative
2000-11,-0.14440636734693876,Speculative
2000-12,0.05664642857142858,Speculative
2001-01,0.22261647,Speculative
2001-02,-0.21840446,Speculative
2001-03,-0.14046519,Speculative
2001-04,0.23247917,Speculative
2001-05,-0.00908679,Speculative
2001-06,-0.007130819999999998,Speculative
2001-07,-0.13558294999999998,Speculative
2001-08,-0.14454419,Speculative
2001-09,-0.25999884848484844,Speculative
2001-10,0.1965483,Speculative
2001-11,0.14118086,Speculative
2001-12,0.01233625,Speculative
2002-01,-0.07279751515151515,Speculative
2002-02,-0.1294440306122449,Speculative
2002-03,0.12089997959183674,Speculative
2002-04,-0.10238778999999999,Speculative
2002-05,-0.09852788778206,Speculative
2002-06,-0.19102201030927835,Speculative
2002-07,-0.12352766000000001,Speculative
2002-08,-0.0158868,Speculative
2002-09,-0.17492658,Speculative
2002-10,0.10466146999999999,Speculative
2002-11,0.22134245,Speculative
2002-12,-0.10197963,Speculative
2003-01,-0.02991258,Speculative
2003-02,-0.03919128,Speculative
2003-03,0.007073999999999999,Speculative
2003-04,0.15698172,Speculative
2003-05,0.19195984,Speculative
2003-06,0.00686782,Speculative
2003-07,0.03622093,Speculative
2003-08,0.09340628282828284,Speculative
2003-09,-0.028052727192565657,Speculative
2003-10,0.08754431313131313,Speculative
2003-11,0.01783541414141414,Speculative
2003-12,0.05813227272727273,Speculative
2004-01,0.04376258,Speculative
2004-02,0.03338189898989899,Speculative
2004-03,-0.012078838383838384,Speculative
2004-04,-0.03612089,Speculative
2004-05,0.02415723,Speculative
2004-06,0.03125763636363636,Speculative
2004-07,-0.09890874,Speculative
2004-08,-0.03040737,Speculative
2004-09,0.046740760000000006,Speculative
2004-10,0.0397017,Speculative
2004-11,0.07403644919575,Speculative
2004-12,0.05754089898989899,Speculative
2005-01,-0.06275483838383838,Speculative
2005-02,0.012095797979797979,Speculative
2005-03,-0.03519180808080808,Speculative
2005-04,-0.058382430000000006,Speculative
2005-05,0.07445444,Speculative
2005-06,0.013325252525252525,Speculative
2005-07,0.07141883838383838,Speculative
2005-08,-0.00022007975282828385,Speculative
2005-09,0.019010602040816327,Speculative
2005-10,-0.03491302,Speculative
2005-11,0.057616829999999994,Speculative
2005-12,0.012335727272727273,Speculative
2006-01,0.044627016480380005,Speculative
2006-02,0.007148081632653062,Speculative
2006-03,0.0400770306122449,Speculative
2006-04,0.003361809999999999,Speculative
2006-05,-0.052375290000000005,Speculative
2006-06,-0.016723474747474747,Speculative
2006-07,-0.06506052000000001,Speculative
2006-08,0.055182669999999996,Speculative
2006-09,0.011348279999999999,Speculative
2006-10,0.04237313,Speculative
2006-11,0.07366062747185001,Speculative
2006-12,-0.017402123711340204,Speculative
2007-01,0.032730039999999995,Speculative
2007-02,0.010602551020408163,Speculative
2007-03,-0.0013749693877551014,Speculative
2007-04,0.03549237,Speculative
2007-05,0.05467191,Speculative
2007-06,-0.022800959595959597,Speculative
2007-07,-0.03375716,Speculative
2007-08,-0.002516860000000001,Speculative
2007-09,0.046112789999999994,Speculative
2007-10,0.02479982,Speculative
2007-11,-0.07617542999999999,Speculative
2007-12,-0.029615119999999998,Speculative
2008-01,-0.046077320000000005,Speculative
2008-02,-0.04863443,Speculative
2008-03,-0.03712237,Speculative
2008-04,0.08188332000000001,Speculative
2008-05,0.02542824,Speculative
2008-06,-0.14774280808080809,Speculative
2008-07,-0.03710197959183674,Speculative
2008-08,0.03326258163265306,Speculative
2008-09,-0.1702429175257732,Speculative
2008-10,-0.26371940000000005,Speculative
2008-11,-0.1832571,Speculative
2008-12,0.0663270953492,Speculative
2009-01,-0.05422076288659794,Speculative
2009-02,-0.12350923711340207,Speculative
2009-03,0.1214111855670103,Speculative
2009-04,0.32300688,Speculative
2009-05,0.13943056,Speculative
2009-06,-0.013850040404040405,Speculative
2009-07,0.13080027,Speculative
2009-08,0.08082557,Speculative
2009-09,0.10290774000000001,Speculative
2009-10,-0.10684855555555554,Speculative
2009-11,0.04989149494949495,Speculative
2009-12,0.061740797979797986,Speculative
2010-01,-0.013474249999999998,Speculative
2010-02,0.0422974,Speculative
2010-03,0.08962828,Speculative
2010-04,0.04596655,Speculative
2010-05,-0.10369773,Speculative
2010-06,-0.08341232323232324,Speculative
2010-07,0.08720848484848484,Speculative
2010-08,-0.06928472727272728,Speculative
2010-09,0.1165845280109899,Speculative
2010-10,0.02819715,Speculative
2010-11,0.008204070000000003,Speculative
2010-12,0.12146473,Speculative
2011-01,0.046634640000000005,Speculative
2011-02,0.037909639999999994,Speculative
2011-03,-0.0009622200000000003,Speculative
2011-04,0.014380979999999998,Speculative
2011-05,-0.00804441414141414,Speculative
2011-06,-0.04664777319587629,Speculative
2011-07,-0.049340555555555554,Speculative
2011-08,-0.1378180606060606,Speculative
2011-09,-0.1281130202020202,Speculative
2011-10,0.16772995000000002,Speculative
2011-11,-0.021051229999999997,Speculative
2011-12,-0.015250330000000001,Speculative
2012-01,0.12260743,Speculative
2012-02,0.05431421212121212,Speculative
2012-03,0.010604979797979797,Speculative
2012-04,-0.038931190000000004,Speculative
2012-05,-0.13126664,Speculative
2012-06,0.026524950000000002,Speculative
2012-07,-0.018572250000000002,Speculative
2012-08,0.05405462626262626,Speculative
2012-09,0.03633131313131313,Speculative
2012-10,-0.027583410000000003,Speculative
2012-11,0.00910079,Speculative
2012-12,0.06674639393939394,Speculative
2013-01,0.07138124,Speculative
2013-02,-0.01228872,Speculative
2013-03,0.03810611,Speculative
2013-04,-0.0024420799999999993,Speculative
2013-05,0.04442389,Speculative
2013-06,-0.025821680000000003,Speculative
2013-07,0.06585798999999999,Speculative
2013-08,-0.007515420000000002,Speculative
2013-09,0.05393489,Speculative
2013-10,0.011666989999999999,Speculative
2013-11,0.025370780000000002,Speculative
2013-12,0.033984545454545455,Speculative
2014-01,-0.025880040404040402,Speculative
2014-02,0.06250214141414141,Speculative
2014-03,-0.009409252525252525,Speculative
2014-04,-0.01800213,Speculative
2014-05,0.0141796,Speculative
2014-06,0.04674449,Speculative
2014-07,-0.05407688888888889,Speculative
2014-08,0.04623262626262626,Speculative
2014-09,-0.05441825252525252,Speculative
2014-10,0.01959385,Speculative
2014-11,0.02455776,Speculative
2014-12,-0.0035906836734693882,Speculative
2015-01,-0.03592551515151515,Speculative
2015-02,0.09382054639175258,Speculative
2015-03,-0.016223628865979382,Speculative
2015-04,0.0358427,Speculative
2015-05,-0.00816076,Speculative
2015-06,-0.02911938,Speculative
2015-07,-0.08367857000000001,Speculative
2015-08,-0.03986576,Speculative
2015-09,-0.09701770623282828,Speculative
2015-10,0.08258207000000001,Speculative
2015-11,-0.0006182900000000002,Speculative
2015-12,-0.08142070707070707,Speculative
2016-01,-0.11919867,Speculative
2016-02,-0.01632623,Speculative
2016-03,0.12674664,Speculative
2016-04,0.08413533,Speculative
2016-05,-0.00209563,Speculative
2016-06,-0.011383109999999998,Speculative
2016-07,0.08205646464646464,Speculative
2016-08,-0.0009171428571428576,Speculative
2016-09,0.0236295612244898,Speculative
2016-10,-0.07844294,Speculative
2016-11,0.08038751020408164,Speculative
2016-12,-0.005750885416666667,Speculative
1929-04,0.01201098,Size
1929-05,-0.1306940909090909,Size
1929-06,0.03873373469387755,Size
1929-07,-0.013495959595959596,Size
1929-08,-0.013785680412371134,Size
1929-09,-0.06876691836734694,Size
1929-10,-0.21712305208333335,Size
1929-11,-0.11675073737373737,Size
1929-12,-0.08274932323232323,Size
1930-01,0.18789292,Size
1930-02,0.051202808080808085,Size
1930-03,0.16774272727272727,Size
1930-04,-0.07297547959183673,Size
1930-05,-0.07993524489795918,Size
1930-06,-0.1955395360824742,Size
1930-07,0.004992364583333333,Size
1930-08,-0.055428141414141416,Size
1930-09,-0.15647276510732291,Size
1930-10,-0.08627655102040817,Size
1930-11,-0.036541095744680854,Size
1930-12,-0.21775712631578947,Size
1931-01,0.2829242989690721,Size
1931-02,0.23377139175257733,Size
1931-03,-0.032639052083333335,Size
1931-04,-0.1799762857142857,Size
1931-05,-0.1420028163265306,Size
1931-06,0.22417503125000002,Size
1931-07,-0.04990159595959596,Size
1931-08,-0.0440019696969697,Size
1931-09,-0.26636818749999996,Size
1931-10,0.08979814432989691,Size
1931-11,-0.06933270707070707,Size
1931-12,-0.21650217021276594,Size
1932-01,0.20308157000000002,Size
1932-02,-0.016583326530612248,Size
1932-03,-0.12243554081632653,Size
1932-04,-0.17596048936170214,Size
1932-05,-0.06091042268041237,Size
1932-06,0.029757368421052626,Size
1932-07,0.47858919,Size
1932-08,1.1727631734693877,Size
1932-09,-0.12152316326530611,Size
1932-10,-0.15684451515151515,Size
1932-11,-0.07900072727272728,Size
1932-12,-0.10271839175257733,Size
1933-01,0.02079906,Size
1933-02,-0.10615833673469388,Size
1933-03,0.09979326000000001,Size
1933-04,0.5596382828282829,Size
1933-05,1.11863318,Size
1933-06,0.4588223125,Size
1933-07,-0.0162141,Size
1933-08,0.023560141414141415,Size
1933-09,-0.20924770707070708,Size
1933-10,-0.11124374,Size
1933-11,0.008474383838383838,Size
1933-12,-0.0157909696969697,Size
1934-01,0.6056050505050505,Size
1934-02,0.06913269387755103,Size
1934-03,0.006833606060606055,Size
1934-04,0.03671917,Size
1934-05,-0.14997950505050506,Size
1934-06,-0.04348844444444444,Size
1934-07,-0.21652501030927834,Size
1934-08,0.08437107070707071,Size
1934-09,-0.007885676767676769,Size
1934-10,-0.02010698979591837,Size
1934-11,0.17223291666666665,Size
1934-12,0.01813632989690722,Size
1935-01,0.011340303030303032,Size
1935-02,-0.13521288421052632,Size
1935-03,-0.10423439175257733,Size
1935-04,0.12072547,Size
1935-05,0.013288191919191917,Size
1935-06,-0.018273303030303032,Size
1935-07,0.1364500625,Size
1935-08,0.20580735106382977,Size
1935-09,0.0017792872340425495,Size
1935-10,0.07370482828282827,Size
1935-11,0.44786605,Size
1935-12,0.031475050505050506,Size
1936-01,0.39534178,Size
1936-02,0.04898127272727273,Size
1936-03,-0.01651906315789474,Size
1936-04,-0.18970548999999998,Size
1936-05,0.05597894949494949,Size
1936-06,-0.019814858585858585,Size
1936-07,0.08339457,Size
1936-08,0.034777030612244894,Size
1936-09,0.07502126737581633,Size
1936-10,0.09156809183673469,Size
1936-11,0.21246304081632653,Size
1936-12,0.05432527386967347,Size
1937-01,0.17891422222222222,Size
1937-02,0.04261614141414141,Size
1937-03,0.01794969696969697,Size
1937-04,-0.1561060101010101,Size
1937-05,-0.039635494949494955,Size
1937-06,-0.12822442424242422,Size
1937-07,0.11919907,Size
1937-08,-0.08651092,Size
1937-09,-0.2253180202020202,Size
1937-10,-0.08555054000000001,Size
1937-11,-0.14033511,Size
1937-12,-0.14591494897959184,Size
1938-01,0.07710738,Size
1938-02,-0.0048655612244897966,Size
1938-03,-0.31063951515151517,Size
1938-04,0.2451818585858586,Size
1938-05,-0.09561738541666666,Size
1938-06,0.2962407083333333,Size
1938-07,0.15902874747474746,Size
1938-08,-0.1377917157894737,Size
1938-09,-0.021398463157894735,Size
1938-10,0.20422831632653063,Size
1938-11,-0.07888,Size
1938-12,-0.030011989361702126,Size
1939-01,-0.05065873,Size
1939-02,0.026977630000000002,Size
1939-03,-0.18193605999999998,Size
1939-04,-0.011516060606060604,Size
1939-05,0.0657891224489796,Size
1939-06,-0.10282180515387501,Size
1939-07,0.11879431194295959,Size
1939-08,-0.1099214693877551,Size
1939-09,0.9225172,Size
1939-10,-0.055358877551020404,Size
1939-11,-0.16074020408163264,Size
1939-12,-0.05066348958333333,Size
1940-01,-0.009180868686868685,Size
1940-02,0.043488232323232325,Size
1940-03,0.028901363636363638,Size
1940-04,-0.01930706,Size
1940-05,-0.2888758453608247,Size
1940-06,0.04777025510204082,Size
1940-07,0.02720327,Size
1940-08,-0.004067948979591837,Size
1940-09,0.04265265625,Size
1940-10,0.0033475252525252525,Size
1940-11,-0.006554606060606062,Size
1940-12,-0.0833992268041237,Size
1941-01,0.13501760606060606,Size
1941-02,-0.014291030612244899,Size
1941-03,0.02599133333333333,Size
1941-04,-0.05196701,Size
1941-05,0.0004638699999999997,Size
1941-06,0.10169782828282828,Size
1941-07,0.27498596,Size
1941-08,-0.011491222222222226,Size
1941-09,-0.04338310204081633,Size
1941-10,-0.08920781,Size
1941-11,-0.08822998,Size
1941-12,-0.14629031,Size
1942-01,0.46221815,Size
1942-02,-0.01694104,Size
1942-03,-0.04931926262626263,Size
1942-04,-0.025796470000000002,Size
1942-05,-0.0009021400000000001,Size
1942-06,0.0369710505050505,Size
1942-07,0.06769585,Size
1942-08,0.04630094,Size
1942-09,0.14484638,Size
1942-10,0.13431411000000001,Size
1942-11,-0.04077531,Size
1942-12,-0.028079737373737375,Size
1943-01,0.46075961,Size
1943-02,0.39997006,Size
1943-03,0.11636136000000001,Size
1943-04,0.10679266,Size
1943-05,0.13945867,Size
1943-06,-0.0016560000000000006,Size
1943-07,-0.06693173,Size
1943-08,-0.0344419,Size
1943-09,0.051070080000000004,Size
1943-10,-0.00921723,Size
1943-11,-0.12617462626262627,Size
1943-12,0.13755909278350517,Size
1944-01,0.09303038144329896,Size
1944-02,0.03842625,Size
1944-03,0.059555843750000004,Size
1944-04,-0.04044974,Size
1944-05,0.08504685858585859,Size
1944-06,0.229275101010101,Size
1944-07,-0.021690888888888888,Size
1944-08,0.05188039393939394,Size
1944-09,-0.007843377551020408,Size
1944-10,0.011834979591836735,Size
1944-11,0.028884704081632653,Size
1944-12,0.11026171134020618,Size
1945-01,0.08227480999999999,Size
1945-02,0.11480952999999999,Size
1945-03,-0.11167423,Size
1945-04,0.08748310999999999,Size
1945-05,0.05803475757575758,Size
1945-06,0.10088953,Size
1945-07,-0.037475680000000004,Size
1945-08,0.04028378,Size
1945-09,0.05844056,Size
1945-10,0.1244980303030303,Size
1945-11,0.15269610204081632,Size
1945-12,0.029066195876288663,Size
1946-01,0.15924936,Size
1946-02,-0.06783308,Size
1946-03,0.01428327,Size
1946-04,0.08191698,Size
1946-05,0.0383142,Size
1946-06,-0.04443246,Size
1946-07,-0.045230269999999996,Size
1946-08,-0.08359848484848485,Size
1946-09,-0.1738091111111111,Size
1946-10,-0.00890865,Size
1946-11,-0.00954686,Size
1946-12,0.014270739999999999,Size
1947-01,0.08089122,Size
1947-02,0.00010556000000000013,Size
1947-03,-0.04433804040404041,Size
1947-04,-0.12013203,Size
1947-05,-0.06320826,Size
1947-06,0.07862265,Size
1947-07,0.07231633999999999,Size
1947-08,-0.026868660000000003,Size
1947-09,0.00785169,Size
1947-10,0.05213955555555556,Size
1947-11,-0.0335539696969697,Size
1947-12,0.019464868686868687,Size
1948-01,0.02824125,Size
1948-02,-0.07894892,Size
1948-03,0.09712462999999999,Size
1948-04,0.04860868686868687,Size
1948-05,0.12889982,Size
1948-06,-0.028564474747474748,Size
1948-07,-0.05897213,Size
1948-08,-0.01413803,Size
1948-09,-0.05847368,Size
1948-10,0.05688882828282828,Size
1948-11,-0.11127964646464647,Size
1948-12,-0.02715048484848485,Size
1949-01,0.03751159,Size
1949-02,-0.06790788,Size
1949-03,0.07994441000000001,Size
1949-04,-0.02963567,Size
1949-05,-0.07411107,Size
1949-06,-0.00890796,Size
1949-07,0.0755654,Size
1949-08,0.01868096,Size
1949-09,0.058483730000000005,Size
1949-10,0.0866765,Size
1949-11,-0.02214928,Size
1949-12,0.08940799,Size
1950-01,0.06758712121212122,Size
1950-02,0.018216212121212123,Size
1950-03,-0.00316649,Size
1950-04,0.06701718181818181,Size
1950-05,0.03988040404040404,Size
1950-06,-0.0878121836734694,Size
1950-07,0.10267520202020201,Size
1950-08,0.0590029797979798,Size
1950-09,0.04154875757575757,Size
1950-10,0.0005078484848484847,Size
1950-11,0.02701571,Size
1950-12,0.14674909,Size
1951-01,0.07737659000000001,Size
1951-02,-0.0008737200000000004,Size
1951-03,-0.05504485,Size
1951-04,0.03436583,Size
1951-05,-0.030111,Size
1951-06,-0.052959639999999995,Size
1951-07,0.03237397,Size
1951-08,0.0522633,Size
1951-09,0.01321068,Size
1951-10,-0.021821419999999998,Size
1951-11,-0.00867668,Size
1951-12,-0.005717350000000001,Size
1952-01,0.02073805,Size
1952-02,-0.02251177,Size
1952-03,0.005651636363636364,Size
1952-04,-0.04277625,Size
1952-05,0.008631449999999999,Size
1952-06,0.028149340000000002,Size
1952-07,0.006661589999999999,Size
1952-08,-0.00312395,Size
1952-09,-0.007058629999999999,Size
1952-10,-0.008066740000000001,Size
1952-11,0.03158591,Size
1952-12,0.0007436199999999995,Size
1953-01,0.05511425252525253,Size
1953-02,0.02862163,Size
1953-03,-0.00302761,Size
1953-04,-0.02160857,Size
1953-05,0.0058400824742268044,Size
1953-06,-0.04257086597938144,Size
1953-07,0.005980000000000001,Size
1953-08,-0.05724817,Size
1953-09,-0.044490230000000006,Size
1953-10,0.02136068,Size
1953-11,0.01305637,Size
1953-12,-0.047280499999999996,Size
1954-01,0.11439489,Size
1954-02,-0.005083569999999999,Size
1954-03,0.01760904,Size
1954-04,0.013051600000000002,Size
1954-05,0.03966977,Size
1954-06,0.016973520000000002,Size
1954-07,0.10738963636363637,Size
1954-08,0.008173343434343438,Size
1954-09,0.03192246464646465,Size
1954-10,-0.00661245918367347,Size
1954-11,0.062087224489795916,Size
1954-12,0.15510767346938775,Size
1955-01,0.032127829999999996,Size
1955-02,0.052729660000000005,Size
1955-03,-0.00019140000000000045,Size
1955-04,0.02153518,Size
1955-05,0.012046707070707069,Size
1955-06,0.01955818181818182,Size
1955-07,0.02960991,Size
1955-08,-0.00422187755102041,Size
1955-09,0.00734459793814433,Size
1955-10,-0.02197975,Size
1955-11,0.02336817,Size
1955-12,0.024324268041237114,Size
1956-01,0.0011449800000000012,Size
1956-02,0.027430939393939396,Size
1956-03,0.028531928571428573,Size
1956-04,0.006796834861400001,Size
1956-05,-0.03991416161616162,Size
1956-06,-0.0018998265306122454,Size
1956-07,0.013337424242424243,Size
1956-08,-0.01262950505050505,Size
1956-09,-0.035968040816326534,Size
1956-10,0.0025124799999999997,Size
1956-11,-0.0057811600000000005,Size
1956-12,0.0013671500000000008,Size
1957-01,0.044490430000000004,Size
1957-02,-0.02546391,Size
1957-03,0.014782519999999999,Size
1957-04,0.03410591836734694,Size
1957-05,0.011530704081632653,Size
1957-06,0.020233948453608246,Size
1957-07,0.009964841825360003,Size
1957-08,-0.04406695918367347,Size
1957-09,-0.05700109183673469,Size
1957-10,-0.10086384848484849,Size
1957-11,-0.0054398469387755095,Size
1957-12,-0.05757496907216495,Size
1958-01,0.17237265000000002,Size
1958-02,-0.018977981118879998,Size
1958-03,0.03150203125,Size
1958-04,0.04766686,Size
1958-05,0.04255858585858586,Size
1958-06,0.04458969387755102,Size
1958-07,0.05789275510204082,Size
1958-08,0.04022378787878788,Size
1958-09,0.06367585714285715,Size
1958-10,0.026085474747474746,Size
1958-11,0.029096787878787878,Size
1958-12,0.03083245918367347,Size
1959-01,0.09191382000000001,Size
1959-02,0.0347320306122449,Size
1959-03,0.009867545454545453,Size
1959-04,0.023192469387755103,Size
1959-05,-0.0030817474747474754,Size
1959-06,-0.011959040404040404,Size
1959-07,0.040967159999999996,Size
1959-08,-0.01572059,Size
1959-09,-0.03761587,Size
1959-10,-0.0016659099999999994,Size
1959-11,-0.006046499999999999,Size
1959-12,0.01701209,Size
1960-01,0.00811779,Size
1960-02,-0.01215670707070707,Size
1960-03,-0.021254242424242422,Size
1960-04,-0.040559173469387755,Size
1960-05,-0.010266081632653062,Size
1960-06,0.021265408163265304,Size
1960-07,-0.01122438,Size
1960-08,0.059200868686868684,Size
1960-09,-0.06354660606060607,Size
1960-10,-0.0380649587628866,Size
1960-11,0.014204614583333332,Size
1960-12,0.01078747311827957,Size
1961-01,0.10174639393939394,Size
1961-02,0.07177710416666667,Size
1961-03,0.07189933333333333,Size
1961-04,0.020850650000000002,Size
1961-05,0.05563435,Size
1961-06,-0.04555031313131313,Size
1961-07,-0.010917444444444445,Size
1961-08,0.005428265306122448,Size
1961-09,-0.03094460824742268,Size
1961-10,0.018913575757575758,Size
1961-11,0.035105000000000004,Size
1961-12,-0.009862232323232325,Size
1962-01,0.051588542893676766,Size
1962-02,0.02004857142857143,Size
1962-03,0.0007627040816326528,Size
1962-04,-0.06542126530612245,Size
1962-05,-0.1125181836734694,Size
1962-06,-0.08095925510204081,Size
1962-07,0.08122320408163265,Size
1962-08,0.04031837755102041,Size
1962-09,-0.06253647474747474,Size
1962-10,-0.04296760606060606,Size
1962-11,0.13002670707070707,Size
1962-12,-0.019740127174707068,Size
1963-01,0.12064334693877551,Size
1963-02,-0.010013454545454546,Size
1963-03,0.01665650505050505,Size
1963-04,0.025401928571428572,Size
1963-05,0.05060231958762886,Size
1963-06,-0.020663885416666666,Size
1963-07,0.0027431632653061224,Size
1963-08,0.034117357142857144,Size
1963-09,-0.01893296907216495,Size
1963-10,0.02170045,Size
1963-11,-0.01554006,Size
1963-12,-0.01775384,Size
1964-01,0.0471050303030303,Size
1964-02,0.039202020000000004,Size
1964-03,0.05254645,Size
1964-04,-0.0053393,Size
1964-05,0.016572747474747476,Size
1964-06,0.00867371,Size
1964-07,0.04968545454545454,Size
1964-08,-0.003958080808080808,Size
1964-09,0.05436853061224489,Size
1964-10,0.02332419191919192,Size
1964-11,0.002927999999999999,Size
1964-12,-0.02000608163265306,Size
1965-01,0.07977457,Size
1965-02,0.023086838383838387,Size
1965-03,0.031354234693877554,Size
1965-04,0.05878234,Size
1965-05,-0.00695323,Size
1965-06,-0.07339744,Size
1965-07,0.03447312121212121,Size
1965-08,0.02905024124323232,Size
1965-09,0.04816603125,Size
1965-10,0.06157514,Size
1965-11,0.04298533,Size
1965-12,0.03996765,Size
1966-01,0.06018714,Size
1966-02,0.04057559,Size
1966-03,-0.0063516,Size
1966-04,0.05121235714285715,Size
1966-05,-0.09318607216494845,Size
1966-06,-0.005018064326760414,Size
1966-07,-0.01609634,Size
1966-08,-0.10518386868686869,Size
1966-09,-0.0234410101010101,Size
1966-10,-0.01662738383838384,Size
1966-11,0.04153444444444444,Size
1966-12,0.020596656565656565,Size
1967-01,0.18057952525252524,Size
1967-02,0.03534111111111111,Size
1967-03,0.05860030303030303,Size
1967-04,0.04140423,Size
1967-05,-0.0009922400000000004,Size
1967-06,0.09157457575757576,Size
1967-07,0.09844320202020203,Size
1967-08,-0.001111383838383839,Size
1967-09,0.05559869696969697,Size
1967-10,-0.015440041237113402,Size
1967-11,0.002485041666666666,Size
1967-12,0.10211360824742269,Size
1968-01,0.01753185714285714,Size
1968-02,-0.06489661224489796,Size
1968-03,-0.003484731958762887,Size
1968-04,0.13866528,Size
1968-05,0.09857082,Size
1968-06,-0.005382181818181817,Size
1968-07,-0.01285973469387755,Size
1968-08,0.04444892783505155,Size
1968-09,0.06511304123711341,Size
1968-10,0.0045418061224489804,Size
1968-11,0.05998418181818182,Size
1968-12,0.003766773658505048,Size
1969-01,-0.0046812727272727275,Size
1969-02,-0.09993786868686869,Size
1969-03,0.03967610204081633,Size
1969-04,0.01513758,Size
1969-05,0.002609359999999999,Size
1969-06,-0.12904985,Size
1969-07,-0.10245309183673469,Size
1969-08,0.05236025510204082,Size
1969-09,-0.025585281249999998,Size
1969-10,0.07135298,Size
1969-11,-0.05358235714285714,Size
1969-12,-0.06577411111111112,Size
1970-01,-0.05143755,Size
1970-02,0.027641589999999997,Size
1970-03,-0.03301558,Size
1970-04,-0.15106317,Size
1970-05,-0.10162322222222221,Size
1970-06,-0.08900999999999999,Size
1970-07,0.057788950000000006,Size
1970-08,0.06499373,Size
1970-09,0.13576867,Size
1970-10,-0.09899158,Size
1970-11,0.01010268,Size
1970-12,0.0725239693877551,Size
1971-01,0.1125245,Size
1971-02,0.02617028,Size
1971-03,0.04829997979797979,Size
1971-04,0.0312469898989899,Size
1971-05,-0.06344761616161616,Size
1971-06,-0.028671434343434343,Size
1971-07,-0.04982616,Size
1971-08,0.06395285858585859,Size
1971-09,-0.008588295918367345,Size
1971-10,-0.058630449999999994,Size
1971-11,-0.020031970907838384,Size
1971-12,0.12697770103092784,Size
1972-01,0.08701998,Size
1972-02,0.042014430000000005,Size
1972-03,-0.010879545454545454,Size
1972-04,0.004529890000000001,Size
1972-05,-0.04088844444444444,Size
1972-06,-0.025045323232323235,Size
1972-07,-0.0402400404040404,Size
1972-08,0.01955680412371134,Size
1972-09,-0.03552241237113402,Size
1972-10,-0.00680076,Size
1972-11,0.05765726,Size
1972-12,-0.033126159999999995,Size
1973-01,-0.06250448,Size
1973-02,-0.08415784,Size
1973-03,-0.024708450000000003,Size
1973-04,-0.0666469309,Size
1973-05,-0.09140678571428572,Size
1973-06,-0.01784862886597938,Size
1973-07,0.1057418469387755,Size
1973-08,-0.04708037755102041,Size
1973-09,0.10487992857142857,Size
1973-10,-0.0021618099999999997,Size
1973-11,-0.19928404,Size
1973-12,-0.01894239,Size
1974-01,0.08611713265306123,Size
1974-02,0.020806663265306124,Size
1974-03,-0.01781051020408163,Size
1974-04,-0.05191534693877552,Size
1974-05,-0.0877817755102041,Size
1974-06,-0.015370857142857144,Size
1974-07,-0.033548828282828284,Size
1974-08,-0.07762982653061225,Size
1974-09,-0.0800910824742268,Size
1974-10,0.09446881641212,Size
1974-11,-0.05029568686868687,Size
1974-12,-0.05331144329896908,Size
1975-01,0.29722475,Size
1975-02,0.03504655,Size
1975-03,0.07935111111111111,Size
1975-04,0.0291922,Size
1975-05,0.08446652,Size
1975-06,0.06589497,Size
1975-07,-0.03498349,Size
1975-08,-0.04942407,Size
1975-09,-0.04872527,Size
1975-10,0.04535502,Size
1975-11,0.0340907,Size
1975-12,0.00017417171717171777,Size
1976-01,0.16435709090909092,Size
1976-02,0.06876327272727273,Size
1976-03,0.013698080808080807,Size
1976-04,-0.02446278,Size
1976-05,-0.025352700000000002,Size
1976-06,0.05744618367346938,Size
1976-07,0.0046648800000000015,Size
1976-08,-0.015555090909090909,Size
1976-09,0.028179720000000002,Size
1976-10,-0.0225904693877551,Size
1976-11,0.04701932060606061,Size
1976-12,0.09325504081632653,Size
1977-01,0.004852919999999999,Size
1977-02,0.004646970000000001,Size
1977-03,-0.0077323,Size
1977-04,0.015024029999999999,Size
1977-05,-0.00702974,Size
1977-06,0.055588069999999996,Size
1977-07,-0.005532181818181818,Size
1977-08,0.007456282828282828,Size
1977-09,0.019986040404040405,Size
1977-10,-0.02380633,Size
1977-11,0.075723,Size
1977-12,0.018164131313131316,Size
1978-01,-0.04467169696969697,Size
1978-02,0.01954548484848485,Size
1978-03,0.050517183673469385,Size
1978-04,0.0668161,Size
1978-05,0.053207101010101,Size
1978-06,0.01235761224489796,Size
1978-07,0.0559210202020202,Size
1978-08,0.07462723711340206,Size
1978-09,0.009505050505050506,Size
1978-10,-0.19152109183673469,Size
1978-11,0.053288555555555554,Size
1978-12,0.028125949494949495,Size
1979-01,0.05139539175257732,Size
1979-02,-0.021184958333333333,Size
1979-03,0.08249008510638298,Size
1979-04,0.02312642424242424,Size
1979-05,-0.010504683673469389,Size
1979-06,0.06326973195876288,Size
1979-07,0.02441970707070707,Size
1979-08,0.07227521212121212,Size
1979-09,0.0024056326530612245,Size
1979-10,-0.10521171000000001,Size
1979-11,0.09049849494949495,Size
1979-12,0.06568838383838384,Size
1980-01,0.07525365835704,Size
1980-02,-0.031524444444444445,Size
1980-03,-0.17987426530612244,Size
1980-04,0.06821400999999999,Size
1980-05,0.08566082,Size
1980-06,0.040991496845900005,Size
1980-07,0.08085843434343434,Size
1980-08,0.047495242424242426,Size
1980-09,0.04605936363636364,Size
1980-10,0.03911543,Size
1980-11,0.06252521212121212,Size
1980-12,-0.016677397959183674,Size
1981-01,-0.005006419999999999,Size
1981-02,0.02221330612244898,Size
1981-03,0.0642243125,Size
1981-04,0.043204440000000004,Size
1981-05,0.03701985858585859,Size
1981-06,-0.016489424242424243,Size
1981-07,-0.01871221212121212,Size
1981-08,-0.06339170408163265,Size
1981-09,-0.0582355,Size
1981-10,0.06163392857142857,Size
1981-11,0.05190191836734694,Size
1981-12,0.0019684536082474223,Size
1982-01,-0.060459767676767674,Size
1982-02,-0.04908926262626263,Size
1982-03,-0.0077739484536082475,Size
1982-04,0.04848343,Size
1982-05,-0.04393305,Size
1982-06,-0.0142328,Size
1982-07,-0.018448896907216496,Size
1982-08,0.09732734020618557,Size
1982-09,0.04787259375,Size
1982-10,0.12899017000000002,Size
1982-11,0.09825193,Size
1982-12,0.009731767676767677,Size
1983-01,0.04972569696969697,Size
1983-02,0.04788608080808081,Size
1983-03,0.04566510204081633,Size
1983-04,0.06642309,Size
1983-05,0.0430398,Size
1983-06,0.05337294,Size
1983-07,-0.017432704081632652,Size
1983-08,-0.03664964285714285,Size
1983-09,0.039933082474226805,Size
1983-10,-0.05642209090909091,Size
1983-11,0.059704353535353534,Size
1983-12,-0.012308727272727273,Size
1984-01,-0.01260196,Size
1984-02,-0.048853191919191914,Size
1984-03,0.02598768686868687,Size
1984-04,-0.01144663,Size
1984-05,-0.045738190000000005,Size
1984-06,0.028687010204081632,Size
1984-07,-0.03458320202020202,Size
1984-08,0.12038539393939393,Size
1984-09,0.010567041237113403,Size
1984-10,-0.01547069,Size
1984-11,-0.007540676767676767,Size
1984-12,0.006797282828282828,Size
1985-01,0.11353876288659795,Size
1985-02,0.027004854166666665,Size
1985-03,-0.0036640104166666665,Size
1985-04,0.0034050505050505046,Size
1985-05,0.030733285714285716,Size
1985-06,0.017513597938144332,Size
1985-07,0.022548673469387756,Size
1985-08,-0.010371721649484536,Size
1985-09,-0.05633865979381444,Size
1985-10,0.04204420181954,Size
1985-11,0.06541012244897959,Size
1985-12,0.0411756926314796,Size
1986-01,0.016768336734693877,Size
1986-02,0.10476244897959183,Size
1986-03,0.03933925,Size
1986-04,0.015835000000000002,Size
1986-05,0.05437789898989899,Size
1986-06,0.014366010204081634,Size
1986-07,-0.07891515,Size
1986-08,0.03224472,Size
1986-09,-0.05366454545454545,Size
1986-10,0.016012070707070707,Size
1986-11,-0.02093803092783505,Size
1986-12,-0.02295674332894737,Size
1987-01,0.11790687628865978,Size
1987-02,0.08030641666666667,Size
1987-03,0.030641208333333333,Size
1987-04,-0.030365343434343432,Size
1987-05,-0.004049255102040817,Size
1987-06,0.04182169791666667,Size
1987-07,0.034866242424242425,Size
1987-08,0.051403979797979796,Size
1987-09,-0.01635641237113402,Size
1987-10,-0.2856939797979798,Size
1987-11,-0.0444495918367347,Size
1987-12,0.11095588775510205,Size
1988-01,0.0274479693877551,Size
1988-02,0.09606196907216495,Size
1988-03,0.020363593750000002,Size
1988-04,0.00702643,Size
1988-05,-0.019024144329896908,Size
1988-06,0.067813375,Size
1988-07,-0.01195306,Size
1988-08,-0.026775040404040405,Size
1988-09,0.033204484536082476,Size
1988-10,-0.004316141414141414,Size
1988-11,-0.040920721649484536,Size
1988-12,0.03577498958333333,Size
1989-01,0.03301745360824742,Size
1989-02,0.01014778125,Size
1989-03,0.023281625,Size
1989-04,0.05829385,Size
1989-05,0.042837343434343436,Size
1989-06,-0.008999428571428571,Size
1989-07,0.030677089999999997,Size
1989-08,0.042910500000000004,Size
1989-09,0.008968141414141413,Size
1989-10,-0.06444332830128001,Size
1989-11,0.018328858585858587,Size
1989-12,0.006624343434343434,Size
1990-01,-0.08499313402061856,Size
1990-02,0.027925755102040817,Size
1990-03,0.05163786734693877,Size
1990-04,-0.04424833673469388,Size
1990-05,0.07260873469387756,Size
1990-06,-0.01128808163265306,Size
1990-07,-0.045988693877551015,Size
1990-08,-0.13892801020408163,Size
1990-09,-0.10172048979591837,Size
1990-10,-0.07295634693877551,Size
1990-11,0.08270184693877553,Size
1990-12,0.041929214285714285,Size
1991-01,0.046632059999999996,Size
1991-02,0.12835431,Size
1991-03,0.04851582000000001,Size
1991-04,0.01849564285714286,Size
1991-05,0.04896294897959184,Size
1991-06,-0.0462190202020202,Size
1991-07,0.03363916,Size
1991-08,0.049294960000000006,Size
1991-09,0.003747209999999999,Size
1991-10,0.03182875,Size
1991-11,-0.04378918,Size
1991-12,0.09402618,Size
1992-01,0.05601246,Size
1992-02,0.04204939393939394,Size
1992-03,-0.02573309375,Size
1992-04,-0.01008450627856,Size
1992-05,0.012067575757575758,Size
1992-06,-0.03259666666666666,Size
1992-07,0.02614662,Size
1992-08,-0.029196720000000002,Size
1992-09,0.01357013198336,Size
1992-10,0.018717474226804125,Size
1992-11,0.06438314583333334,Size
1992-12,0.04226875,Size
1993-01,0.018673636363636364,Size
1993-02,-0.02191441414141414,Size
1993-03,0.0307710618556701,Size
1993-04,-0.03225926,Size
1993-05,0.04798875510204082,Size
1993-06,0.012185938144329897,Size
1993-07,0.013220309999999999,Size
1993-08,0.04031624242424243,Size
1993-09,0.034452001777777776,Size
1993-10,-0.005375559999999999,Size
1993-11,-0.03514143,Size
1993-12,0.06656551000000001,Size
1994-01,0.018701,Size
1994-02,0.0033392300000000003,Size
1994-03,-0.04678181818181818,Size
1994-04,-0.00985836,Size
1994-05,-0.01032631,Size
1994-06,-0.019497820000000003,Size
1994-07,0.02654722,Size
1994-08,0.05669028,Size
1994-09,0.00331801,Size
1994-10,-0.0119742,Size
1994-11,-0.04242038383838384,Size
1994-12,0.016092234693877553,Size
1995-01,-0.01268948484848485,Size
1995-02,0.045674181818181815,Size
1995-03,-0.0018687979797979797,Size
1995-04,0.0068791999999999985,Size
1995-05,0.01857993939393939,Size
1995-06,0.049479902617838384,Size
1995-07,0.059558489795918365,Size
1995-08,0.029741346938775514,Size
1995-09,0.023713,Size
1995-10,-0.038295333333333334,Size
1995-11,0.043539898989899,Size
1995-12,0.021312454545454544,Size
1996-01,-0.016685050505050505,Size
1996-02,0.025402939393939394,Size
1996-03,0.03537179797979798,Size
1996-04,0.03644253,Size
1996-05,0.025165646464646464,Size
1996-06,-0.004064030303030303,Size
1996-07,-0.06163944897959184,Size
1996-08,0.055009142857142854,Size
1996-09,0.0372024693877551,Size
1996-10,-0.032305242424242424,Size
1996-11,0.04448611111111111,Size
1996-12,0.020017145833333333,Size
1997-01,0.01472230303030303,Size
1997-02,-0.0015578383838383838,Size
1997-03,-0.053791171717171724,Size
1997-04,0.005078525252525252,Size
1997-05,0.09859867676767677,Size
1997-06,0.046841316326530616,Size
1997-07,0.035752929999999995,Size
1997-08,-0.0006104099999999998,Size
1997-09,0.06456849765168042,Size
1997-10,-0.06791984536082475,Size
1997-11,-0.0024950309278350515,Size
1997-12,0.0025095154639175267,Size
1998-01,-0.03646314141414141,Size
1998-02,0.07797769387755102,Size
1998-03,0.049322888813114585,Size
1998-04,0.002943353535353535,Size
1998-05,-0.06101227272727273,Size
1998-06,-0.007670343434343435,Size
1998-07,-0.07606372,Size
1998-08,-0.17980877,Size
1998-09,0.06874841414141414,Size
1998-10,0.037137676767676764,Size
1998-11,0.04605088775510204,Size
1998-12,0.09027136458333333,Size
1999-01,-0.035711070707070705,Size
1999-02,-0.07261027272727273,Size
1999-03,0.01678216494845361,Size
1999-04,0.0732569797979798,Size
1999-05,0.035480397959183674,Size
1999-06,0.07414878125,Size
1999-07,-0.010977093750000002,Size
1999-08,-0.05880634736842105,Size
1999-09,0.022710904255319152,Size
1999-10,0.019244031578947367,Size
1999-11,0.08102695864140218,Size
1999-12,0.10309785393258426,Size
2000-01,-0.03270284848484849,Size
2000-02,0.20262071874999998,Size
2000-03,-0.0017137187500000008,Size
2000-04,-0.05282005050505051,Size
2000-05,-0.030583826530612247,Size
2000-06,0.05078055102040816,Size
2000-07,-0.07130323,Size
2000-08,0.16009956565656566,Size
2000-09,-0.054796298969072156,Size
2000-10,-0.030816438775510203,Size
2000-11,-0.04846930208333333,Size
2000-12,0.12953283333333335,Size
2001-01,0.005810858585858586,Size
2001-02,-0.04777900119134694,Size
2001-03,-0.05091962886597938,Size
2001-04,0.06303827000000001,Size
2001-05,0.025149989898989897,Size
2001-06,0.000548919191919193,Size
2001-07,-0.03035513795578,Size
2001-08,-0.029251229166666667,Size
2001-09,-0.12370536458333332,Size
2001-10,0.04757852,Size
2001-11,0.06299692999999999,Size
2001-12,0.06154458,Size
2002-01,-0.01407649494949495,Size
2002-02,-0.008444656565656565,Size
2002-03,0.10541690816326531,Size
2002-04,-0.01065345,Size
2002-05,-0.05691187,Size
2002-06,-0.07992777000000001,Size
2002-07,-0.14600166,Size
2002-08,0.01571199,Size
2002-09,-0.0596967,Size
2002-10,0.02965934,Size
2002-11,0.048827819999999994,Size
2002-12,-0.042022226811239995,Size
2003-01,-0.02259688,Size
2003-02,-0.03355221,Size
2003-03,0.00827617,Size
2003-04,0.09500399999999999,Size
2003-05,0.10119023,Size
2003-06,0.012342262626262623,Size
2003-07,0.04867151,Size
2003-08,0.05620316,Size
2003-09,-0.01588916992064,Size
2003-10,0.08016166999999999,Size
2003-11,0.02954967,Size
2003-12,0.02629067676767677,Size
2004-01,0.02472757,Size
2004-02,0.02522889,Size
2004-03,0.014831909999999998,Size
2004-04,-0.023438555555555556,Size
2004-05,0.01930215306122449,Size
2004-06,0.029048857142857144,Size
2004-07,-0.040147836734693874,Size
2004-08,-0.017363224489795916,Size
2004-09,0.035424142857142855,Size
2004-10,0.01583728282828283,Size
2004-11,0.07550428790267677,Size
2004-12,0.017657432989690722,Size
2005-01,-0.04467454545454546,Size
2005-02,0.0032367878787878794,Size
2005-03,-0.018291545454545456,Size
2005-04,-0.04907508,Size
2005-05,0.07268154,Size
2005-06,0.01211659,Size
2005-07,0.04152616,Size
2005-08,-0.021411669999999997,Size
2005-09,0.006666303030303031,Size
2005-10,-0.03704271717171717,Size
2005-11,0.051576141414141415,Size
2005-12,-0.015385499999999998,Size
2006-01,0.08633737814046,Size
2006-02,-0.006380878787878788,Size
2006-03,0.04419174747474747,Size
2006-04,0.00027217346938775486,Size
2006-05,-0.05858682653061224,Size
2006-06,0.0010049591836734683,Size
2006-07,-0.04200486868686869,Size
2006-08,0.022407888888888887,Size
2006-09,0.0036257010309278343,Size
2006-10,0.045657595959595954,Size
2006-11,0.035050367346938775,Size
2006-12,-0.0019968659793814436,Size
2007-01,0.013696929292929292,Size
2007-02,-0.004272132653061225,Size
2007-03,0.006123234693877551,Size
2007-04,0.027178,Size
2007-05,0.06226266810385858,Size
2007-06,-0.015453635416666667,Size
2007-07,-0.03845308,Size
2007-08,0.013828454086969696,Size
2007-09,0.022789690721649485,Size
2007-10,0.023983202020202023,Size
2007-11,-0.057738432989690724,Size
2007-12,-0.001483855670103094,Size
2008-01,-0.08648741414141413,Size
2008-02,-0.03213754639175258,Size
2008-03,-0.01267635051546392,Size
2008-04,0.042275599999999997,Size
2008-05,0.03145255555555555,Size
2008-06,-0.09410027272727273,Size
2008-07,0.006305585858585858,Size
2008-08,0.022626755102040815,Size
2008-09,-0.10310470408163265,Size
2008-10,-0.17610357000000001,Size
2008-11,-0.09045083999999999,Size
2008-12,0.01729784693877551,Size
2009-01,-0.11590548484848485,Size
2009-02,-0.13997949494949494,Size
2009-03,0.1294571111111111,Size
2009-04,0.21609211000000003,Size
2009-05,0.034486340000000004,Size
2009-06,0.02120451,Size
2009-07,0.11273952,Size
2009-08,0.02900109090909091,Size
2009-09,0.04256087755102041,Size
2009-10,-0.08449704040404041,Size
2009-11,0.046532,Size
2009-12,0.08760254545454545,Size
2010-01,-0.04267353535353535,Size
2010-02,0.05966695959595959,Size
2010-03,0.0848673775510204,Size
2010-04,0.05783716,Size
2010-05,-0.09009859595959595,Size
2010-06,-0.09712697979797981,Size
2010-07,0.07537531313131314,Size
2010-08,-0.07852865656565657,Size
2010-09,0.12261101010101011,Size
2010-10,0.03164798,Size
2010-11,0.02441583,Size
2010-12,0.08792055102040816,Size
2011-01,0.01568263,Size
2011-02,0.05110243,Size
2011-03,0.020960393939393942,Size
2011-04,0.0384228,Size
2011-05,-0.01253272448979592,Size
2011-06,-0.007880969072164947,Size
2011-07,-0.029027565656565658,Size
2011-08,-0.08897779797979798,Size
2011-09,-0.10479069072164948,Size
2011-10,0.14073614141414142,Size
2011-11,-0.004511040404040404,Size
2011-12,0.005069474747474747,Size
2012-01,0.07812034020618557,Size
2012-02,0.041793886597938146,Size
2012-03,0.03194641237113402,Size
2012-04,-0.0026198181818181832,Size
2012-05,-0.07028042424242424,Size
2012-06,0.039239939393939396,Size
2012-07,-0.0305292,Size
2012-08,0.052933709999999995,Size
2012-09,0.02438064,Size
2012-10,-0.012335639999999998,Size
2012-11,0.01605182663375,Size
2012-12,0.031528898989898996,Size
2013-01,0.0654139494949495,Size
2013-02,0.01624911111111111,Size
2013-03,0.047246909090909096,Size
2013-04,-0.005554349999999999,Size
2013-05,0.04793489,Size
2013-06,-0.013985480000000002,Size
2013-07,0.07763425,Size
2013-08,-0.044345090000000004,Size
2013-09,0.05424226,Size
2013-10,0.030532249999999997,Size
2013-11,0.0308527,Size
2013-12,0.029222828282828284,Size
2014-01,-0.04780247959183674,Size
2014-02,0.04178481632653061,Size
2014-03,-0.0018385714285714286,Size
2014-04,-0.02166027991266,Size
2014-05,0.010591222222222224,Size
2014-06,0.046684,Size
2014-07,-0.07716875257731959,Size
2014-08,0.051108114583333336,Size
2014-09,-0.0576834375,Size
2014-10,0.05667853,Size
2014-11,0.01508107,Size
2014-12,0.01692994897959184,Size
2015-01,-0.0327901,Size
2015-02,0.05305964646464647,Size
2015-03,0.01074576530612245,Size
2015-04,-0.024130310000000002,Size
2015-05,0.025556390000000002,Size
2015-06,0.018517868686868687,Size
2015-07,-0.008865016643717173,Size
2015-08,-0.04889084536082474,Size
2015-09,-0.03832216025510309,Size
2015-10,0.057605244897959186,Size
2015-11,0.02110425510204082,Size
2015-12,-0.05708569387755102,Size
2016-01,-0.0893539393939394,Size
2016-02,-0.005403050505050505,Size
2016-03,0.09235636363636364,Size
2016-04,0.039584666666666664,Size
2016-05,0.0033630909090909093,Size
2016-06,-0.0008411616161616156,Size
2016-07,0.07538523232323233,Size
2016-08,0.016383163265306123,Size
2016-09,0.005421530612244899,Size
2016-10,-0.05283094,Size
2016-11,0.1265796836734694,Size
2016-12,-0.002075183673469388,Size
1929-04,0.025548269999999998,Momentum
1929-05,-0.11867623232323232,Momentum
1929-06,0.12649754081632653,Momentum
1929-07,0.028550134020618553,Momentum
1929-08,0.05684224742268041,Momentum
1929-09,-0.036518666666666665,Momentum
1929-10,-0.25119224489795916,Momentum
1929-11,-0.1518326836734694,Momentum
1929-12,0.020778797979797977,Momentum
1930-01,0.048031916038639995,Momentum
1930-02,0.04126967346938776,Momentum
1930-03,0.06529854545454546,Momentum
1930-04,-0.01868627551020408,Momentum
1930-05,-0.01752687755102041,Momentum
1930-06,-0.14101191666666665,Momentum
1930-07,0.034092290000000004,Momentum
1930-08,0.00936597,Momentum
1930-09,-0.11941055,Momentum
1930-10,-0.07112807070707071,Momentum
1930-11,-0.014998340206185568,Momentum
1930-12,-0.07851956565656566,Momentum
1931-01,0.09412071000000001,Momentum
1931-02,0.11948373,Momentum
1931-03,-0.016861070707070706,Momentum
1931-04,-0.0861659797979798,Momentum
1931-05,-0.09515726262626263,Momentum
1931-06,0.09991839795918367,Momentum
1931-07,-0.02208732,Momentum
1931-08,0.0012941770833333327,Momentum
1931-09,-0.25629693684210525,Momentum
1931-10,0.14810182,Momentum
1931-11,-0.053099626262626265,Momentum
1931-12,-0.13381979,Momentum
1932-01,0.03595680808080808,Momentum
1932-02,0.0375779696969697,Momentum
1932-03,-0.08444282828282829,Momentum
1932-04,-0.12613359595959595,Momentum
1932-05,-0.18919874489795918,Momentum
1932-06,0.022800298969072163,Momentum
1932-07,0.153327,Momentum
1932-08,0.3582225353535353,Momentum
1932-09,-0.03587952525252525,Momentum
1932-10,-0.1729920101010101,Momentum
1932-11,-0.06461454,Momentum
1932-12,-0.03598629896907216,Momentum
1933-01,0.0002024600000000019,Momentum
1933-02,-0.09704205,Momentum
1933-03,0.14121129591836734,Momentum
1933-04,0.42806480999999996,Momentum
1933-05,0.49134385714285717,Momentum
1933-06,0.23457882653061224,Momentum
1933-07,-0.08233498,Momentum
1933-08,0.1281251212121212,Momentum
1933-09,-0.1768294,Momentum
1933-10,-0.11308686,Momentum
1933-11,0.03663438,Momentum
1933-12,0.021532719999999998,Momentum
1934-01,0.28514738,Momentum
1934-02,0.01990259,Momentum
1934-03,0.03175368,Momentum
1934-04,-0.02603749,Momentum
1934-05,-0.14576521,Momentum
1934-06,-0.016443858585858586,Momentum
1934-07,-0.16720388,Momentum
1934-08,0.1102239,Momentum
1934-09,-2.5059999999999665e-05,Momentum
1934-10,0.022663459183673466,Momentum
1934-11,0.1344160909090909,Momentum
1934-12,0.03122174747474747,Momentum
1935-01,-0.02766578,Momentum
1935-02,-0.007220390000000001,Momentum
1935-03,-0.06610788000000001,Momentum
1935-04,0.07380203,Momentum
1935-05,0.02343204,Momentum
1935-06,0.05926334343434344,Momentum
1935-07,0.09328620618556702,Momentum
1935-08,0.028380878787878788,Momentum
1935-09,0.05587708080808081,Momentum
1935-10,0.09937571717171717,Momentum
1935-11,0.08505349000000001,Momentum
1935-12,0.09058604,Momentum
1936-01,0.15024312,Momentum
1936-02,0.0504,Momentum
1936-03,0.04111163636363637,Momentum
1936-04,-0.18602086,Momentum
1936-05,0.09331196,Momentum
1936-06,-0.02594566,Momentum
1936-07,0.10082451,Momentum
1936-08,0.006590979797979797,Momentum
1936-09,0.0308932820283,Momentum
1936-10,0.07161080412371133,Momentum
1936-11,0.08929346938775509,Momentum
1936-12,0.03320429591836735,Momentum
1937-01,0.10229544444444445,Momentum
1937-02,0.04265942857142857,Momentum
1937-03,0.0010717900000000002,Momentum
1937-04,-0.13953220202020203,Momentum
1937-05,-0.017233111111111112,Momentum
1937-06,-0.08159279797979799,Momentum
1937-07,0.10748957,Momentum
1937-08,-0.0736517,Momentum
1937-09,-0.25587361999999997,Momentum
1937-10,-0.11363155000000001,Momentum
1937-11,-0.11510503999999999,Momentum
1937-12,-0.11774549484536082,Momentum
1938-01,0.01713546,Momentum
1938-02,0.044616969696969704,Momentum
1938-03,-0.22038057142857143,Momentum
1938-04,0.13525559595959596,Momentum
1938-05,-0.00895518,Momentum
1938-06,0.13526428282828282,Momentum
1938-07,0.05469190816326531,Momentum
1938-08,-0.020267717171717173,Momentum
1938-09,0.007749515151515152,Momentum
1938-10,0.12205382000000001,Momentum
1938-11,0.002831840000000001,Momentum
1938-12,0.05827745,Momentum
1939-01,-0.10347808,Momentum
1939-02,0.0664903,Momentum
1939-03,-0.21642683999999998,Momentum
1939-04,0.028704649999999998,Momentum
1939-05,0.13269122,Momentum
1939-06,-0.11304232,Momentum
1939-07,0.14225258,Momentum
1939-08,-0.10664566,Momentum
1939-09,0.17139986000000001,Momentum
1939-10,0.03282981,Momentum
1939-11,-0.018566100000000002,Momentum
1939-12,0.04591787,Momentum
1940-01,-0.00290362,Momentum
1940-02,0.05144799,Momentum
1940-03,0.03048194,Momentum
1940-04,0.06998138,Momentum
1940-05,-0.30247857,Momentum
1940-06,0.05536519,Momentum
1940-07,0.05400957,Momentum
1940-08,0.02750403,Momentum
1940-09,0.03361367,Momentum
1940-10,0.04184143,Momentum
1940-11,0.014605269999999998,Momentum
1940-12,0.007533212121212121,Momentum
1941-01,-0.03626489,Momentum
1941-02,-0.00919178,Momentum
1941-03,0.0015167099999999992,Momentum
1941-04,-0.044187000000000004,Momentum
1941-05,0.02218417,Momentum
1941-06,0.06797593,Momentum
1941-07,0.12162766,Momentum
1941-08,-0.00510355,Momentum
1941-09,-0.01552538,Momentum
1941-10,-0.03509112,Momentum
1941-11,-0.010439313131313133,Momentum
1941-12,-0.07740225252525253,Momentum
1942-01,0.16130053535353536,Momentum
1942-02,-0.01756709090909091,Momentum
1942-03,-0.06151644444444444,Momentum
1942-04,-0.02860378,Momentum
1942-05,0.0008832799999999988,Momentum
1942-06,0.01447645,Momentum
1942-07,0.06657932653061224,Momentum
1942-08,0.03439397959183674,Momentum
1942-09,0.07061797979797979,Momentum
1942-10,0.07505785858585859,Momentum
1942-11,-0.022816727272727273,Momentum
1942-12,0.03927828282828283,Momentum
1943-01,0.30751389,Momentum
1943-02,0.29842356999999997,Momentum
1943-03,0.12422226,Momentum
1943-04,0.10222284,Momentum
1943-05,0.16918225252525254,Momentum
1943-06,-0.007629581632653063,Momentum
1943-07,-0.10992017000000001,Momentum
1943-08,-0.01522801,Momentum
1943-09,0.05288909,Momentum
1943-10,-0.02654138383838384,Momentum
1943-11,-0.14186947474747474,Momentum
1943-12,0.1477110306122449,Momentum
1944-01,0.06610209,Momentum
1944-02,0.02958374,Momentum
1944-03,0.06798026,Momentum
1944-04,-0.02673355,Momentum
1944-05,0.07022068686868686,Momentum
1944-06,0.10128585858585859,Momentum
1944-07,-0.02032675,Momentum
1944-08,0.050535540000000004,Momentum
1944-09,-0.008317383838383837,Momentum
1944-10,-0.012067747474747474,Momentum
1944-11,0.03754983838383838,Momentum
1944-12,0.08281023232323231,Momentum
1945-01,0.08712082,Momentum
1945-02,0.09703868,Momentum
1945-03,-0.08279624000000001,Momentum
1945-04,0.12570258,Momentum
1945-05,0.03313433,Momentum
1945-06,0.08729092,Momentum
1945-07,-0.05052222000000001,Momentum
1945-08,0.05420391,Momentum
1945-09,0.055369020000000005,Momentum
1945-10,0.06726346999999999,Momentum
1945-11,0.12551802,Momentum
1945-12,0.02534633,Momentum
1946-01,0.13871793,Momentum
1946-02,-0.08207507,Momentum
1946-03,0.06445032,Momentum
1946-04,0.07362769,Momentum
1946-05,0.042184030000000004,Momentum
1946-06,-0.06275971717171717,Momentum
1946-07,-0.039038659999999996,Momentum
1946-08,-0.07694379797979797,Momentum
1946-09,-0.13943438383838386,Momentum
1946-10,-0.016521525252525253,Momentum
1946-11,-0.01407819191919192,Momentum
1946-12,0.03400734343434343,Momentum
1947-01,-0.00498849,Momentum
1947-02,-0.00817924,Momentum
1947-03,-0.020635383838383838,Momentum
1947-04,-0.0657096,Momentum
1947-05,-0.02693703,Momentum
1947-06,0.04965936,Momentum
1947-07,0.05469022,Momentum
1947-08,-0.0080856,Momentum
1947-09,0.012789660000000001,Momentum
1947-10,0.03924741,Momentum
1947-11,-0.01161079,Momentum
1947-12,0.061757309999999996,Momentum
1948-01,-0.04721965,Momentum
1948-02,-0.058245380000000006,Momentum
1948-03,0.11384252,Momentum
1948-04,0.06603072,Momentum
1948-05,0.07923138,Momentum
1948-06,0.02643997,Momentum
1948-07,-0.055148039999999995,Momentum
1948-08,0.0004249600000000003,Momentum
1948-09,-0.059320979797979796,Momentum
1948-10,0.06548833,Momentum
1948-11,-0.12856066,Momentum
1948-12,0.04295753,Momentum
1949-01,0.00023879000000000004,Momentum
1949-02,-0.03718928,Momentum
1949-03,0.06854425,Momentum
1949-04,-0.01293053,Momentum
1949-05,-0.02777828,Momentum
1949-06,-0.009379450000000001,Momentum
1949-07,0.054207252525252526,Momentum
1949-08,0.02975648484848485,Momentum
1949-09,0.04543173737373737,Momentum
1949-10,0.045117260000000006,Momentum
1949-11,0.027187170000000004,Momentum
1949-12,0.06527319794832,Momentum
1950-01,0.03988856565656566,Momentum
1950-02,0.0316460202020202,Momentum
1950-03,0.022366161616161614,Momentum
1950-04,0.037862839999999995,Momentum
1950-05,0.02428922,Momentum
1950-06,-0.0913668,Momentum
1950-07,0.02543292,Momentum
1950-08,0.06514571,Momentum
1950-09,0.07141153,Momentum
1950-10,0.00424072,Momentum
1950-11,0.06358595,Momentum
1950-12,0.11800666,Momentum
1951-01,0.08291631000000001,Momentum
1951-02,0.004809826530612245,Momentum
1951-03,-0.051958585858585864,Momentum
1951-04,0.06816687,Momentum
1951-05,-0.03605196,Momentum
1951-06,-0.08571248000000001,Momentum
1951-07,0.10674632393276769,Momentum
1951-08,0.07001626530612245,Momentum
1951-09,0.036150714285714286,Momentum
1951-10,-0.02504085,Momentum
1951-11,0.012947323232323232,Momentum
1951-12,0.031390212121212124,Momentum
1952-01,0.023101720000000003,Momentum
1952-02,-0.032811889999999996,Momentum
1952-03,0.0462267,Momentum
1952-04,-0.07377646,Momentum
1952-05,0.02883925,Momentum
1952-06,0.04514469,Momentum
1952-07,0.01039817,Momentum
1952-08,-0.00830118,Momentum
1952-09,-0.024554680000000002,Momentum
1952-10,0.006335889999999999,Momentum
1952-11,0.06148688,Momentum
1952-12,0.019867656565656568,Momentum
1953-01,0.02286379797979798,Momentum
1953-02,0.01531885,Momentum
1953-03,-0.019618009999999998,Momentum
1953-04,-0.01716858,Momentum
1953-05,0.018786464646464645,Momentum
1953-06,-0.033509030303030304,Momentum
1953-07,0.017372357188400002,Momentum
1953-08,-0.053430393939393944,Momentum
1953-09,-0.0002616734693877552,Momentum
1953-10,0.04977837,Momentum
1953-11,0.022615171717171718,Momentum
1953-12,0.008034757575757575,Momentum
1954-01,0.04074026,Momentum
1954-02,0.022828059999999997,Momentum
1954-03,0.05288282,Momentum
1954-04,0.03980033333333333,Momentum
1954-05,0.03339340404040404,Momentum
1954-06,0.032791515151515155,Momentum
1954-07,0.07756496,Momentum
1954-08,-0.01611332,Momentum
1954-09,0.051542859999999996,Momentum
1954-10,0.0032081500000000003,Momentum
1954-11,0.09735903,Momentum
1954-12,0.10621093999999999,Momentum
1955-01,0.04012288,Momentum
1955-02,0.05825444127873738,Momentum
1955-03,0.010072622448979593,Momentum
1955-04,0.020730230000000002,Momentum
1955-05,0.007633340000000001,Momentum
1955-06,0.0503944720126,Momentum
1955-07,-0.010664171717171716,Momentum
1955-08,0.0166085,Momentum
1955-09,-0.005714552083333334,Momentum
1955-10,-0.028269549999999997,Momentum
1955-11,0.07863508000000001,Momentum
1955-12,0.029806171717171717,Momentum
1956-01,-0.04077896,Momentum
1956-02,0.045795190000000006,Momentum
1956-03,0.0713997,Momentum
1956-04,0.029052190000000002,Momentum
1956-05,-0.03844012121212122,Momentum
1956-06,0.035910868686868685,Momentum
1956-07,0.060111660000000004,Momentum
1956-08,-0.023749082474226805,Momentum
1956-09,-0.043916530612244896,Momentum
1956-10,0.037455948979591834,Momentum
1956-11,0.033270714285714285,Momentum
1956-12,0.04552664285714286,Momentum
1957-01,-0.01062843,Momentum
1957-02,-0.02287766,Momentum
1957-03,0.01432892,Momentum
1957-04,0.0436068,Momentum
1957-05,0.03172139,Momentum
1957-06,0.00831390909090909,Momentum
1957-07,-0.005078533016868685,Momentum
1957-08,-0.06213626804123712,Momentum
1957-09,-0.06424503092783505,Momentum
1957-10,-0.06496115306122449,Momentum
1957-11,0.044965226804123716,Momentum
1957-12,-0.040564448979591834,Momentum
1958-01,0.053919829999999995,Momentum
1958-02,0.011582141414141413,Momentum
1958-03,0.05604346464646465,Momentum
1958-04,0.04696231,Momentum
1958-05,0.03279625,Momentum
1958-06,0.02629448484848485,Momentum
1958-07,0.02407650505050505,Momentum
1958-08,0.04336994949494949,Momentum
1958-09,0.04177657034927273,Momentum
1958-10,0.07453132653061224,Momentum
1958-11,0.077015,Momentum
1958-12,0.04652288775510204,Momentum
1959-01,0.04634228,Momentum
1959-02,0.04987481,Momentum
1959-03,0.03040649,Momentum
1959-04,0.052877,Momentum
1959-05,0.01541466,Momentum
1959-06,0.01523495,Momentum
1959-07,0.03150385,Momentum
1959-08,-0.03044806,Momentum
1959-09,-0.038979879999999995,Momentum
1959-10,0.05720659183673469,Momentum
1959-11,0.029231721649484538,Momentum
1959-12,0.04131751546391753,Momentum
1960-01,-0.06169956,Momentum
1960-02,0.034075737373737376,Momentum
1960-03,-0.029481313131313133,Momentum
1960-04,0.005747059999999999,Momentum
1960-05,0.061713769999999994,Momentum
1960-06,0.02042044,Momentum
1960-07,-0.039054000000000005,Momentum
1960-08,0.044174854166666666,Momentum
1960-09,-0.07275904166666666,Momentum
1960-10,-0.03307992,Momentum
1960-11,0.0808889696969697,Momentum
1960-12,0.0533689696969697,Momentum
1961-01,0.04013430303030303,Momentum
1961-02,0.08364844444444444,Momentum
1961-03,0.07560154081632653,Momentum
1961-04,0.01740966,Momentum
1961-05,0.029838,Momentum
1961-06,-0.050496360000000004,Momentum
1961-07,0.01637128282828283,Momentum
1961-08,0.03151962626262626,Momentum
1961-09,-0.03629190909090909,Momentum
1961-10,0.049287910000000004,Momentum
1961-11,0.06559787,Momentum
1961-12,-0.009184840000000001,Momentum
1962-01,-0.02872469,Momentum
1962-02,0.006392434343434343,Momentum
1962-03,-0.0023864545454545458,Momentum
1962-04,-0.0653106530612245,Momentum
1962-05,-0.11923789795918367,Momentum
1962-06,-0.0724580918367347,Momentum
1962-07,0.06596940404040404,Momentum
1962-08,0.03206160606060606,Momentum
1962-09,-0.040886454545454545,Momentum
1962-10,-0.027087979999999998,Momentum
1962-11,0.10585164000000001,Momentum
1962-12,0.014377252525252526,Momentum
1963-01,0.07235045999999999,Momentum
1963-02,0.0036739499999999996,Momentum
1963-03,0.03637484848484849,Momentum
1963-04,0.03697346,Momentum
1963-05,0.044441,Momentum
1963-06,-0.010140525773195876,Momentum
1963-07,-0.003664131313131314,Momentum
1963-08,0.08831661616161617,Momentum
1963-09,-0.016884575757575758,Momentum
1963-10,0.04390556565656565,Momentum
1963-11,0.004893071428571429,Momentum
1963-12,0.017878816326530614,Momentum
1964-01,0.04407024489795918,Momentum
1964-02,0.044822070707070706,Momentum
1964-03,0.0366590404040404,Momentum
1964-04,-0.00503677,Momentum
1964-05,0.02858943434343434,Momentum
1964-06,0.017018808080808082,Momentum
1964-07,0.024993989898989898,Momentum
1964-08,-0.020510060606060605,Momentum
1964-09,0.037514061224489796,Momentum
1964-10,0.01707320202020202,Momentum
1964-11,2.454545454545422e-05,Momentum
1964-12,-0.02733453172229293,Momentum
1965-01,0.07144677319587629,Momentum
1965-02,0.04715906315789473,Momentum
1965-03,0.02140890425531915,Momentum
1965-04,0.06000719,Momentum
1965-05,-0.00509983,Momentum
1965-06,-0.10532825000000001,Momentum
1965-07,0.07397991,Momentum
1965-08,0.08329463000000001,Momentum
1965-09,0.062124454545454545,Momentum
1965-10,0.0859781111111111,Momentum
1965-11,0.10572050505050504,Momentum
1965-12,0.034970939393939394,Momentum
1966-01,0.08560432999999999,Momentum
1966-02,0.08054277777777778,Momentum
1966-03,0.011692030303030303,Momentum
1966-04,0.10307612121212122,Momentum
1966-05,-0.14395823825984694,Momentum
1966-06,0.028393486733412375,Momentum
1966-07,-0.02315868367346939,Momentum
1966-08,-0.10303144329896907,Momentum
1966-09,-0.031611536082474224,Momentum
1966-10,-0.07485489409088,Momentum
1966-11,0.14441728282828284,Momentum
1966-12,0.021819434343434346,Momentum
1967-01,0.12328470408163265,Momentum
1967-02,0.03167882653061225,Momentum
1967-03,0.07067371428571428,Momentum
1967-04,0.05240209090909091,Momentum
1967-05,-0.01574879381443299,Momentum
1967-06,0.09164002105263158,Momentum
1967-07,0.08296473195876289,Momentum
1967-08,-0.006091308135166665,Momentum
1967-09,0.05196607368421053,Momentum
1967-10,-0.004036151515151516,Momentum
1967-11,0.03077695918367347,Momentum
1967-12,0.10379839175257731,Momentum
1968-01,-0.04781388888888889,Momentum
1968-02,-0.10338517525773196,Momentum
1968-03,0.01641681443298969,Momentum
1968-04,0.18313132568638382,Momentum
1968-05,0.11095060784466326,Momentum
1968-06,-0.0029888865979381426,Momentum
1968-07,-0.04531051020408163,Momentum
1968-08,0.042900391752577316,Momentum
1968-09,0.08771580208333334,Momentum
1968-10,-0.01166204541991919,Momentum
1968-11,0.1057142857142857,Momentum
1968-12,-0.03033798979591837,Momentum
1969-01,-0.01400049494949495,Momentum
1969-02,-0.11246022680412371,Momentum
1969-03,0.07139595833333333,Momentum
1969-04,0.0388090101010101,Momentum
1969-05,0.02829117,Momentum
1969-06,-0.13245047474747473,Momentum
1969-07,-0.09312662626262626,Momentum
1969-08,0.11752661616161617,Momentum
1969-09,-0.025347443298969072,Momentum
1969-10,0.04914467676767677,Momentum
1969-11,-0.026556343434343432,Momentum
1969-12,-0.0272909797979798,Momentum
1970-01,-0.058991555555555554,Momentum
1970-02,0.05152564,Momentum
1970-03,-0.043513869999999996,Momentum
1970-04,-0.14525024,Momentum
1970-05,-0.08870519387755102,Momentum
1970-06,-0.03766261224489796,Momentum
1970-07,0.04654842000000001,Momentum
1970-08,0.020118499999999997,Momentum
1970-09,0.06921421,Momentum
1970-10,-0.007302151515151514,Momentum
1970-11,0.05768149494949495,Momentum
1970-12,0.05249350505050505,Momentum
1971-01,0.05367206,Momentum
1971-02,0.036879080808080805,Momentum
1971-03,0.058631242424242426,Momentum
1971-04,0.048314529999999994,Momentum
1971-05,-0.037810666666666666,Momentum
1971-06,0.006852161616161615,Momentum
1971-07,-0.05723196,Momentum
1971-08,0.09856609000000001,Momentum
1971-09,0.00234045,Momentum
1971-10,-0.049758500000000004,Momentum
1971-11,-0.0010478400000000002,Momentum
1971-12,0.11046531,Momentum
1972-01,0.07708720202020201,Momentum
1972-02,0.06109604,Momentum
1972-03,0.018272109999999998,Momentum
1972-04,0.018386390000000002,Momentum
1972-05,0.02753689898989899,Momentum
1972-06,-0.02368054,Momentum
1972-07,-0.03216033,Momentum
1972-08,-0.005082010204081632,Momentum
1972-09,-0.029871265306122448,Momentum
1972-10,0.0001600600000000001,Momentum
1972-11,0.03913270707070707,Momentum
1972-12,0.016821969696969696,Momentum
1973-01,-0.03693182828282828,Momentum
1973-02,-0.07163762626262626,Momentum
1973-03,-0.01443378,Momentum
1973-04,-0.0442447609,Momentum
1973-05,-0.012346171717171716,Momentum
1973-06,-0.003235080808080808,Momentum
1973-07,0.062101383838383845,Momentum
1973-08,-0.003203525252525252,Momentum
1973-09,0.07601141414141414,Momentum
1973-10,0.04403847474747475,Momentum
1973-11,-0.10906761224489796,Momentum
1973-12,0.07570473469387756,Momentum
1974-01,-0.02041508,Momentum
1974-02,0.00775725,Momentum
1974-03,-0.05756081,Momentum
1974-04,-0.05661282,Momentum
1974-05,-0.10227532323232323,Momentum
1974-06,-0.01704637373737374,Momentum
1974-07,-0.020473349999999998,Momentum
1974-08,-0.05888042424242424,Momentum
1974-09,-0.12165016161616163,Momentum
1974-10,0.1589800266789091,Momentum
1974-11,-0.027033463917525775,Momentum
1974-12,-0.05328767708333334,Momentum
1975-01,0.14282736999999998,Momentum
1975-02,0.057203290000000004,Momentum
1975-03,0.06678205050505051,Momentum
1975-04,0.07074854081632653,Momentum
1975-05,0.03828015463917526,Momentum
1975-06,0.049982268041237114,Momentum
1975-07,-0.04312434,Momentum
1975-08,-0.03176997,Momentum
1975-09,-0.01740721,Momentum
1975-10,0.02440445,Momentum
1975-11,-0.002990262626262626,Momentum
1975-12,0.00028372448979591916,Momentum
1976-01,0.17584041414141416,Momentum
1976-02,0.05249405050505051,Momentum
1976-03,0.01808390909090909,Momentum
1976-04,-0.01682144,Momentum
1976-05,-0.01886477,Momentum
1976-06,0.06385308,Momentum
1976-07,-0.022305949494949497,Momentum
1976-08,-0.022579571428571428,Momentum
1976-09,0.021034696969696967,Momentum
1976-10,-0.02415666666666667,Momentum
1976-11,0.038590364693877555,Momentum
1976-12,0.07389348453608248,Momentum
1977-01,0.018166927083333333,Momentum
1977-02,-0.0240574375,Momentum
1977-03,0.013903457446808511,Momentum
1977-04,0.04180147,Momentum
1977-05,-0.0012792828282828278,Momentum
1977-06,0.08244886734693876,Momentum
1977-07,-0.01189581443298969,Momentum
1977-08,-0.013344705263157895,Momentum
1977-09,0.008759691489361702,Momentum
1977-10,-0.0491970404040404,Momentum
1977-11,0.07100735752622449,Momentum
1977-12,0.00764321052631579,Momentum
1978-01,-0.06255430208333333,Momentum
1978-02,0.019378635416666668,Momentum
1978-03,0.04251363239646316,Momentum
1978-04,0.10485335416666668,Momentum
1978-05,0.06697177173913044,Momentum
1978-06,0.022237703296703295,Momentum
1978-07,0.0925499393939394,Momentum
1978-08,0.08479967708333334,Momentum
1978-09,-0.018937854166666664,Momentum
1978-10,-0.21222435714285715,Momentum
1978-11,0.09705874489795918,Momentum
1978-12,0.04480677551020408,Momentum
1979-01,0.06882457142857143,Momentum
1979-02,-0.02710878409090909,Momentum
1979-03,0.11627595294117647,Momentum
1979-04,0.023939890594082473,Momentum
1979-05,-0.019398387096774192,Momentum
1979-06,0.05267740659340659,Momentum
1979-07,0.030375041666666668,Momentum
1979-08,0.07877037234042554,Momentum
1979-09,0.03445417204301075,Momentum
1979-10,-0.060720948979591835,Momentum
1979-11,0.12964790816326532,Momentum
1979-12,0.07401102127659574,Momentum
1980-01,0.11816564893617021,Momentum
1980-02,0.04404456521739131,Momentum
1980-03,-0.22982795047586665,Momentum
1980-04,0.07648833684210526,Momentum
1980-05,0.0800235,Momentum
1980-06,0.1008632493114737,Momentum
1980-07,0.11869247,Momentum
1980-08,0.08202006060606061,Momentum
1980-09,0.0962499292929293,Momentum
1980-10,0.05321622222222222,Momentum
1980-11,0.1697839595959596,Momentum
1980-12,-0.046240707070707064,Momentum
1981-01,-0.09420363999999999,Momentum
1981-02,0.012632232323232323,Momentum
1981-03,0.07911128282828282,Momentum
1981-04,0.008414556701030928,Momentum
1981-05,0.0455859375,Momentum
1981-06,-0.067567,Momentum
1981-07,-0.02363746,Momentum
1981-08,-0.0944699898989899,Momentum
1981-09,-0.06944633333333333,Momentum
1981-10,0.11525677894736842,Momentum
1981-11,0.028111284210526315,Momentum
1981-12,-0.0368518776980215,Momentum
1982-01,-0.03982129896907216,Momentum
1982-02,-0.03820517525773196,Momentum
1982-03,0.017970510869565217,Momentum
1982-04,0.048155919191919194,Momentum
1982-05,-0.03620134693877551,Momentum
1982-06,-0.002809010416666667,Momentum
1982-07,-0.0156579898989899,Momentum
1982-08,0.10955380054575,Momentum
1982-09,0.037835915789473686,Momentum
1982-10,0.14794119191919192,Momentum
1982-11,0.10888872916666666,Momentum
1982-12,0.017576617021276594,Momentum
1983-01,0.021208222222222222,Momentum
1983-02,0.0763010707070707,Momentum
1983-03,0.07015346464646464,Momentum
1983-04,0.09471531632653062,Momentum
1983-05,0.05234511,Momentum
1983-06,0.05890182,Momentum
1983-07,-0.06931850505050505,Momentum
1983-08,-0.0446275,Momentum
1983-09,0.024632525773195878,Momentum
1983-10,-0.1039395,Momentum
1983-11,0.071115753141,Momentum
1983-12,-0.0465155306122449,Momentum
1984-01,-0.07880273,Momentum
1984-02,-0.062192091890721654,Momentum
1984-03,0.025193136842105262,Momentum
1984-04,0.01159672727272727,Momentum
1984-05,-0.05941186868686869,Momentum
1984-06,0.016712252631578946,Momentum
1984-07,-0.008716103092783506,Momentum
1984-08,0.08054748421052632,Momentum
1984-09,0.016010780219780217,Momentum
1984-10,0.02344441836734694,Momentum
1984-11,-0.011047612903225807,Momentum
1984-12,0.023685387096774195,Momentum
1985-01,0.07974732171641667,Momentum
1985-02,0.03513936170212766,Momentum
1985-03,0.019127680851063828,Momentum
1985-04,0.0015317575757575765,Momentum
1985-05,0.06952239795918368,Momentum
1985-06,0.045103051546391756,Momentum
1985-07,-0.018751555555555556,Momentum
1985-08,0.0017375510204081625,Momentum
1985-09,-0.051404597938144336,Momentum
1985-10,0.054379409999999996,Momentum
1985-11,0.07815067,Momentum
1985-12,0.0415115554421134,Momentum
1986-01,0.05388334693877551,Momentum
1986-02,0.07429628571428572,Momentum
1986-03,0.04802052631578947,Momentum
1986-04,0.00404115,Momentum
1986-05,0.07540294,Momentum
1986-06,0.04442335714285714,Momentum
1986-07,-0.08275895999999999,Momentum
1986-08,0.04485490816326531,Momentum
1986-09,-0.0962183163265306,Momentum
1986-10,0.07601801030927835,Momentum
1986-11,-0.0025936105263157897,Momentum
1986-12,-0.020496314606741572,Momentum
1987-01,0.1779196947368421,Momentum
1987-02,0.06315720430107527,Momentum
1987-03,0.0006418695652173919,Momentum
1987-04,0.005096255102040817,Momentum
1987-05,0.0022992142857142872,Momentum
1987-06,0.0088805625,Momentum
1987-07,0.052267650000000006,Momentum
1987-08,0.04003089583333334,Momentum
1987-09,0.008402884210526316,Momentum
1987-10,-0.31865908163265305,Momentum
1987-11,-0.0782047525773196,Momentum
1987-12,0.1612997319587629,Momentum
1988-01,-0.0273815306122449,Momentum
1988-02,0.09142098969072165,Momentum
1988-03,0.0019797789473684217,Momentum
1988-04,0.029520895833333335,Momentum
1988-05,-0.011774532608695654,Momentum
1988-06,0.0700369213483146,Momentum
1988-07,-0.01766230612244898,Momentum
1988-08,-0.032013206185567016,Momentum
1988-09,0.041110705263157896,Momentum
1988-10,0.031805852631578944,Momentum
1988-11,-0.01310242857142857,Momentum
1988-12,0.03765373255813953,Momentum
1989-01,0.05448470833333333,Momentum
1989-02,0.014174252631578947,Momentum
1989-03,0.05201205319148936,Momentum
1989-04,0.06453004081632653,Momentum
1989-05,0.0367314375,Momentum
1989-06,-0.0042637956989247305,Momentum
1989-07,0.09429813541666666,Momentum
1989-08,0.03895704347826087,Momentum
1989-09,0.027545978260869564,Momentum
1989-10,-0.06580228865979382,Momentum
1989-11,0.02473359375,Momentum
1989-12,0.013934104166666668,Momentum
1990-01,-0.11915903225806451,Momentum
1990-02,0.0317601847826087,Momentum
1990-03,0.05434015217391304,Momentum
1990-04,-0.03069651,Momentum
1990-05,0.11410196,Momentum
1990-06,-0.01192571717171717,Momentum
1990-07,-0.02740217,Momentum
1990-08,-0.11915718181818183,Momentum
1990-09,-0.08911582828282828,Momentum
1990-10,-0.03944824242424242,Momentum
1990-11,0.09833991919191919,Momentum
1990-12,0.029112464646464647,Momentum
1991-01,0.10589114999999999,Momentum
1991-02,0.10492048000000001,Momentum
1991-03,0.07003502,Momentum
1991-04,-0.025894161616161614,Momentum
1991-05,0.07374170707070707,Momentum
1991-06,-0.058152030612244894,Momentum
1991-07,0.09505856,Momentum
1991-08,0.049314210000000004,Momentum
1991-09,0.014952878787878788,Momentum
1991-10,0.045393161616161616,Momentum
1991-11,-0.057942959595959596,Momentum
1991-12,0.17678255670103094,Momentum
1992-01,0.01819358,Momentum
1992-02,0.028352040000000002,Momentum
1992-03,-0.04020138775510204,Momentum
1992-04,-0.02949610627856,Momentum
1992-05,0.007943928571428572,Momentum
1992-06,-0.043084622448979586,Momentum
1992-07,0.0492723,Momentum
1992-08,-0.050132960000000004,Momentum
1992-09,0.03424734198336,Momentum
1992-10,0.043922387755102044,Momentum
1992-11,0.07642607142857143,Momentum
1992-12,0.048305187500000006,Momentum
1993-01,0.05158562626262626,Momentum
1993-02,-0.0202529595959596,Momentum
1993-03,0.06083079381443299,Momentum
1993-04,-0.029202210000000003,Momentum
1993-05,0.05516094,Momentum
1993-06,0.029757050505050505,Momentum
1993-07,0.009114249999999999,Momentum
1993-08,0.11186850505050505,Momentum
1993-09,0.05476570707070707,Momentum
1993-10,-0.012872709999999999,Momentum
1993-11,-0.04482809000000001,Momentum
1993-12,0.051357169999999994,Momentum
1994-01,0.026156099999999998,Momentum
1994-02,-0.0029258181818181826,Momentum
1994-03,-0.04659209183673469,Momentum
1994-04,0.02153117,Momentum
1994-05,-0.023019469999999997,Momentum
1994-06,-0.07661248484848485,Momentum
1994-07,0.03866924,Momentum
1994-08,0.09738057825082828,Momentum
1994-09,-0.0014065612244897959,Momentum
1994-10,0.023564949494949496,Momentum
1994-11,-0.05310655938047423,Momentum
1994-12,0.02363178125,Momentum
1995-01,-0.019893636363636363,Momentum
1995-02,0.06305128282828283,Momentum
1995-03,0.04373151515151515,Momentum
1995-04,0.03196613,Momentum
1995-05,0.002336787878787879,Momentum
1995-06,0.08861378787878788,Momentum
1995-07,0.11689065656565656,Momentum
1995-08,0.00620241836734694,Momentum
1995-09,0.0359908969072165,Momentum
1995-10,-0.03984061,Momentum
1995-11,0.02083739393939394,Momentum
1995-12,-0.04364345454545454,Momentum
1996-01,0.013335350515463917,Momentum
1996-02,0.05005102083333333,Momentum
1996-03,0.006266159574468086,Momentum
1996-04,0.09074089583333333,Momentum
1996-05,0.052630072916666666,Momentum
1996-06,-0.055348072916666664,Momentum
1996-07,-0.08235617525773196,Momentum
1996-08,0.08459082291666666,Momentum
1996-09,0.10044188541666667,Momentum
1996-10,-0.01038841,Momentum
1996-11,0.02487776767676768,Momentum
1996-12,-0.004184924773876289,Momentum
1997-01,0.051296505154639176,Momentum
1997-02,-0.06781527835051547,Momentum
1997-03,-0.02121803092783505,Momentum
1997-04,0.06190267369505051,Momentum
1997-05,0.07461060824742269,Momentum
1997-06,0.04311514893617022,Momentum
1997-07,0.1414272448979592,Momentum
1997-08,7.120618556701048e-05,Momentum
1997-09,0.07857722916666667,Momentum
1997-10,-0.08376441,Momentum
1997-11,-0.02879514,Momentum
1997-12,-0.019641949494949493,Momentum
1998-01,0.002138122448979593,Momentum
1998-02,0.10017088659793814,Momentum
1998-03,0.04871067708333333,Momentum
1998-04,0.0059960306122448966,Momentum
1998-05,-0.04550218367346939,Momentum
1998-06,0.07359477618427084,Momentum
1998-07,-0.04019937657955556,Momentum
1998-08,-0.20629564285714286,Momentum
1998-09,0.06288805789204083,Momentum
1998-10,0.024747237113402064,Momentum
1998-11,0.061910791666666666,Momentum
1998-12,0.11859268911808511,Momentum
1999-01,0.08921851020408163,Momentum
1999-02,-0.06893919387755101,Momentum
1999-03,0.05808490721649484,Momentum
1999-04,0.020912666666666666,Momentum
1999-05,0.008964649484536083,Momentum
1999-06,0.07406273684210526,Momentum
1999-07,0.011859616161616161,Momentum
1999-08,0.02573242268041237,Momentum
1999-09,0.03485296875,Momentum
1999-10,0.12900337373737372,Momentum
1999-11,0.15071853535353535,Momentum
1999-12,0.22686237373737375,Momentum
2000-01,0.02766031,Momentum
2000-02,0.37525504081632655,Momentum
2000-03,-0.09981989690721649,Momentum
2000-04,-0.09966682828282827,Momentum
2000-05,-0.14225545360824743,Momentum
2000-06,0.26991890625,Momentum
2000-07,-0.11053162,Momentum
2000-08,0.23971699000000002,Momentum
2000-09,-0.07383075,Momentum
2000-10,-0.0985459797979798,Momentum
2000-11,-0.2946902727272727,Momentum
2000-12,0.0759189393939394,Momentum
2001-01,-0.09232532323232323,Momentum
2001-02,-0.06871459793814433,Momentum
2001-03,-0.10249507216494845,Momentum
2001-04,0.07343593,Momentum
2001-05,0.00810277551020408,Momentum
2001-06,0.008599500000000001,Momentum
2001-07,0.0003472099999999993,Momentum
2001-08,-0.06578203125,Momentum
2001-09,-0.08697387499999999,Momentum
2001-10,0.003965448979591836,Momentum
2001-11,0.07419793814432989,Momentum
2001-12,0.0318150661476875,Momentum
2002-01,0.014796511431515154,Momentum
2002-02,-0.01731157142857143,Momentum
2002-03,0.0744830206185567,Momentum
2002-04,0.010575809999999998,Momentum
2002-05,-0.01910841,Momentum
2002-06,-0.08152720202020201,Momentum
2002-07,-0.09897398609765,Momentum
2002-08,0.01641449494949495,Momentum
2002-09,-0.04178537373737373,Momentum
2002-10,0.04789664646464646,Momentum
2002-11,0.05525217171717172,Momentum
2002-12,-0.04498390816326531,Momentum
2003-01,-0.020674959595959597,Momentum
2003-02,-0.008955656565656566,Momentum
2003-03,0.029225373737373737,Momentum
2003-04,0.052734494949494955,Momentum
2003-05,0.06971192857142856,Momentum
2003-06,0.010443907216494847,Momentum
2003-07,0.05070658,Momentum
2003-08,0.053744737373737375,Momentum
2003-09,-0.006360979797979799,Momentum
2003-10,0.11537002020202021,Momentum
2003-11,0.028787040404040405,Momentum
2003-12,-0.02672942857142857,Momentum
2004-01,0.0473076,Momentum
2004-02,0.004929699999999999,Momentum
2004-03,-0.003033414141414141,Momentum
2004-04,-0.08946275,Momentum
2004-05,0.04394896,Momentum
2004-06,0.00489878,Momentum
2004-07,-0.07819957000000001,Momentum
2004-08,-0.04079952525252525,Momentum
2004-09,0.05214228282828283,Momentum
2004-10,0.0022721855670103093,Momentum
2004-11,0.09965739776072165,Momentum
2004-12,0.039182166666666664,Momentum
2005-01,-0.02119603,Momentum
2005-02,0.046986730000000004,Momentum
2005-03,-0.02918206,Momentum
2005-04,-0.058904120000000004,Momentum
2005-05,0.07170152,Momentum
2005-06,0.03946845454545454,Momentum
2005-07,0.06332073737373738,Momentum
2005-08,-0.0007792500000000009,Momentum
2005-09,0.01602353125,Momentum
2005-10,-0.05088136734693877,Momentum
2005-11,0.05579368367346938,Momentum
2005-12,0.018874231578947367,Momentum
2006-01,0.11952425510204082,Momentum
2006-02,-0.053469290985714284,Momentum
2006-03,0.05915905179916495,Momentum
2006-04,0.018314,Momentum
2006-05,-0.0979232268041237,Momentum
2006-06,0.0002620927835051537,Momentum
2006-07,-0.08345951,Momentum
2006-08,-0.01716896,Momentum
2006-09,0.012516530000000001,Momentum
2006-10,0.060240081632653056,Momentum
2006-11,0.030295010416666667,Momentum
2006-12,0.00046322105263157915,Momentum
2007-01,0.045006677083333335,Momentum
2007-02,0.00030378124999999996,Momentum
2007-03,0.036902305263157895,Momentum
2007-04,0.029189785714285717,Momentum
2007-05,0.03725085567010309,Momentum
2007-06,-0.020535412371134022,Momentum
2007-07,-0.0411518888888889,Momentum
2007-08,0.008945846938775509,Momentum
2007-09,0.04433028571428572,Momentum
2007-10,0.05603476530612245,Momentum
2007-11,-0.05645461290322581,Momentum
2007-12,0.017475274725274728,Momentum
2008-01,-0.10875559595959597,Momentum
2008-02,0.0012166494845360833,Momentum
2008-03,-0.016984229166666667,Momentum
2008-04,0.10828969696969697,Momentum
2008-05,0.1036711030927835,Momentum
2008-06,0.012272876288659794,Momentum
2008-07,-0.09317053535353537,Momentum
2008-08,-0.04758514141414141,Momentum
2008-09,-0.21047728282828282,Momentum
2008-10,-0.20677028554720409,Momentum
2008-11,-0.1415505894736842,Momentum
2008-12,-0.005815989130434781,Momentum
2009-01,-0.10451255102040816,Momentum
2009-02,-0.09450393814432989,Momentum
2009-03,0.06476513402061856,Momentum
2009-04,0.015396551020408163,Momentum
2009-05,0.011914724489795919,Momentum
2009-06,0.052464969387755106,Momentum
2009-07,0.05191409,Momentum
2009-08,0.01181245,Momentum
2009-09,0.04690674,Momentum
2009-10,-0.07757519387755102,Momentum
2009-11,0.0523570824742268,Momentum
2009-12,0.07921164128527836,Momentum
2010-01,-0.057677454545454546,Momentum
2010-02,0.06942793939393939,Momentum
2010-03,0.08423142424242423,Momentum
2010-04,0.057570420000000004,Momentum
2010-05,-0.10469684000000001,Momentum
2010-06,-0.11837194000000001,Momentum
2010-07,0.1030990808080808,Momentum
2010-08,-0.06933415151515152,Momentum
2010-09,0.137527738226,Momentum
2010-10,0.05012595959595959,Momentum
2010-11,0.05736410204081632,Momentum
2010-12,0.05385918556701031,Momentum
2011-01,0.008659336734693877,Momentum
2011-02,0.060988744897959184,Momentum
2011-03,0.04030517979369072,Momentum
2011-04,0.04411797,Momentum
2011-05,-0.02374534,Momentum
2011-06,-0.006642408582878787,Momentum
2011-07,-0.026626255102040818,Momentum
2011-08,-0.10730831632653062,Momentum
2011-09,-0.1653075979381443,Momentum
2011-10,0.14239776,Momentum
2011-11,-0.030616948979591836,Momentum
2011-12,-0.041842690721649485,Momentum
2012-01,0.056889421052631575,Momentum
2012-02,0.0656222688172043,Momentum
2012-03,0.02631953260869565,Momentum
2012-04,0.009852957381494951,Momentum
2012-05,-0.045082000000000004,Momentum
2012-06,0.008647375,Momentum
2012-07,0.00133780612244898,Momentum
2012-08,0.04267157731958763,Momentum
2012-09,0.010286917525773195,Momentum
2012-10,0.0030316082474226807,Momentum
2012-11,0.01582064601417526,Momentum
2012-12,0.023467505263157894,Momentum
2013-01,0.06857848979591837,Momentum
2013-02,0.009857659793814432,Momentum
2013-03,0.04228854639175257,Momentum
2013-04,-0.00618948,Momentum
2013-05,0.035951585858585856,Momentum
2013-06,-0.04615139175257732,Momentum
2013-07,0.09292381632653061,Momentum
2013-08,-0.03631544897959184,Momentum
2013-09,0.06967267346938776,Momentum
2013-10,0.03090337,Momentum
2013-11,0.04406419191919192,Momentum
2013-12,0.03143736363636364,Momentum
2014-01,-0.014577632653061225,Momentum
2014-02,0.055121112244897956,Momentum
2014-03,-0.02948018556701031,Momentum
2014-04,-0.04843438,Momentum
2014-05,0.032069230000000004,Momentum
2014-06,0.05837083184632,Momentum
2014-07,-0.04356176767676768,Momentum
2014-08,0.06892864583333333,Momentum
2014-09,-0.05959253684210527,Momentum
2014-10,-0.00046899999999999926,Momentum
2014-11,0.0027130299999999995,Momentum
2014-12,-0.013863973656239998,Momentum
2015-01,0.0017056458333333335,Momentum
2015-02,0.053620042553191485,Momentum
2015-03,-0.0039103736263736266,Momentum
2015-04,-0.030006848484848483,Momentum
2015-05,0.0591171224489796,Momentum
2015-06,-0.0034821530612244907,Momentum
2015-07,0.03234477,Momentum
2015-08,-0.07926029591836735,Momentum
2015-09,-0.05443963917525773,Momentum
2015-10,0.036302010309278356,Momentum
2015-11,0.018598134020618558,Momentum
2015-12,-0.025016645833333333,Momentum
2016-01,-0.09317454545454545,Momentum
2016-02,-0.017862489795918368,Momentum
2016-03,0.06678145360824743,Momentum
2016-04,-0.01261591836734694,Momentum
2016-05,0.014767545005656251,Momentum
2016-06,0.027971886736,Momentum
2016-07,0.035197908163265304,Momentum
2016-08,-0.024750979381443296,Momentum
2016-09,0.007075937500000001,Momentum
2016-10,-0.042205393939393945,Momentum
2016-11,0.10105161616161618,Momentum
2016-12,-3.209090909090936e-05,Momentum
1929-04,0.01293617,LowVol
1929-05,-0.03075932,LowVol
1929-06,0.06718314,LowVol
1929-07,0.041219292929292925,LowVol
1929-08,0.0534880612244898,LowVol
1929-09,-0.032404444444444444,LowVol
1929-10,-0.09967570408163265,LowVol
1929-11,-0.07001868,LowVol
1929-12,-0.00866373469387755,LowVol
1930-01,0.04288237603864,LowVol
1930-02,0.011456989795918368,LowVol
1930-03,0.04116727551020408,LowVol
1930-04,-0.03523313,LowVol
1930-05,-0.011725838383838385,LowVol
1930-06,-0.10194042268041237,LowVol
1930-07,0.02435718,LowVol
1930-08,-0.0011648080808080807,LowVol
1930-09,-0.08251621999999999,LowVol
1930-10,-0.06256218,LowVol
1930-11,-0.024442171717171716,LowVol
1930-12,-0.08270205000000001,LowVol
1931-01,0.07607493939393939,LowVol
1931-02,0.063150898989899,LowVol
1931-03,-0.048755889999999996,LowVol
1931-04,-0.08342611,LowVol
1931-05,-0.1075811530612245,LowVol
1931-06,0.11934576767676769,LowVol
1931-07,-0.04112267,LowVol
1931-08,-0.007105909090909092,LowVol
1931-09,-0.24026322448979592,LowVol
1931-10,0.028722090000000002,LowVol
1931-11,-0.08067495959595959,LowVol
1931-12,-0.13270507070707072,LowVol
1932-01,0.021827899999999997,LowVol
1932-02,0.02206105,LowVol
1932-03,-0.08146242,LowVol
1932-04,-0.15075948484848484,LowVol
1932-05,-0.20581444897959184,LowVol
1932-06,0.009247835051546388,LowVol
1932-07,0.24855207,LowVol
1932-08,0.2789110606060606,LowVol
1932-09,0.0007614200000000009,LowVol
1932-10,-0.07179585000000001,LowVol
1932-11,-0.030316229166666667,LowVol
1932-12,0.011781729999999999,LowVol
1933-01,0.03962112,LowVol
1933-02,-0.11397550000000001,LowVol
1933-03,0.039864474747474746,LowVol
1933-04,0.26781722448979595,LowVol
1933-05,0.21657226999999998,LowVol
1933-06,0.1421332,LowVol
1933-07,-0.07727872727272728,LowVol
1933-08,0.07320376288659794,LowVol
1933-09,-0.06507244897959184,LowVol
1933-10,-0.06392804,LowVol
1933-11,0.04746632,LowVol
1933-12,0.026833339999999997,LowVol
1934-01,0.1171439696969697,LowVol
1934-02,0.0011955200000000016,LowVol
1934-03,0.013277806122448981,LowVol
1934-04,0.02758785,LowVol
1934-05,-0.03514261,LowVol
1934-06,0.04018808,LowVol
1934-07,-0.061666939999999996,LowVol
1934-08,0.038045272727272726,LowVol
1934-09,0.007715828282828283,LowVol
1934-10,0.0153379898989899,LowVol
1934-11,0.07091487878787879,LowVol
1934-12,0.003925565656565657,LowVol
1935-01,-0.00660952,LowVol
1935-02,0.012622949494949494,LowVol
1935-03,-0.018301670103092783,LowVol
1935-04,0.07454872,LowVol
1935-05,0.027500860000000002,LowVol
1935-06,0.051547859999999994,LowVol
1935-07,0.03080535714285714,LowVol
1935-08,-0.0007884646464646466,LowVol
1935-09,0.00281280612244898,LowVol
1935-10,0.04749752,LowVol
1935-11,0.0280545,LowVol
1935-12,0.01107339,LowVol
1936-01,0.05104133,LowVol
1936-02,0.011640059999999999,LowVol
1936-03,-0.004229714285714285,LowVol
1936-04,-0.054062626262626264,LowVol
1936-05,0.03311223232323232,LowVol
1936-06,0.025989575757575756,LowVol
1936-07,0.030620980000000003,LowVol
1936-08,0.006971410000000001,LowVol
1936-09,0.0073983799999999995,LowVol
1936-10,0.044849323232323234,LowVol
1936-11,0.03489179797979798,LowVol
1936-12,-0.013390285714285716,LowVol
1937-01,0.019629202020202022,LowVol
1937-02,-0.0021259599999999997,LowVol
1937-03,-0.026486580000000003,LowVol
1937-04,-0.05034910101010101,LowVol
1937-05,-0.006779767676767677,LowVol
1937-06,-0.03474630303030303,LowVol
1937-07,0.05174925,LowVol
1937-08,-0.02068376,LowVol
1937-09,-0.09754323232323232,LowVol
1937-10,-0.058728920000000004,LowVol
1937-11,-0.0687683,LowVol
1937-12,-0.02875069,LowVol
1938-01,0.041117999999999995,LowVol
1938-02,0.040368323232323235,LowVol
1938-03,-0.18674922222222223,LowVol
1938-04,0.12078321212121211,LowVol
1938-05,-0.012007829999999999,LowVol
1938-06,0.14174457000000001,LowVol
1938-07,0.06367119,LowVol
1938-08,-0.02763607,LowVol
1938-09,-0.0072197699999999995,LowVol
1938-10,0.05881401,LowVol
1938-11,-0.0013677600000000004,LowVol
1938-12,0.026361850000000003,LowVol
1939-01,-0.01771805,LowVol
1939-02,0.03559803,LowVol
1939-03,-0.044798109999999995,LowVol
1939-04,-0.005222535353535354,LowVol
1939-05,0.06215183,LowVol
1939-06,-0.01447778,LowVol
1939-07,0.057533719999999997,LowVol
1939-08,-0.04757212,LowVol
1939-09,0.06345222,LowVol
1939-10,0.02521077,LowVol
1939-11,-0.0005585200000000002,LowVol
1939-12,0.02812408,LowVol
1940-01,0.007383474747474748,LowVol
1940-02,0.00926021212121212,LowVol
1940-03,0.025066535353535355,LowVol
1940-04,0.0011506200000000002,LowVol
1940-05,-0.2025294,LowVol
1940-06,0.06226818,LowVol
1940-07,0.01717488,LowVol
1940-08,0.00815069,LowVol
1940-09,0.02847719,LowVol
1940-10,0.004308050000000001,LowVol
1940-11,-0.00620621,LowVol
1940-12,0.0006473500000000001,LowVol
1941-01,-0.00436151,LowVol
1941-02,-0.02690022222222222,LowVol
1941-03,0.008069100000000001,LowVol
1941-04,-0.04232989,LowVol
1941-05,-0.0015573799999999997,LowVol
1941-06,0.04795718,LowVol
1941-07,0.047065131313131316,LowVol
1941-08,0.00021280808080808092,LowVol
1941-09,0.0044085555555555545,LowVol
1941-10,-0.04824847,LowVol
1941-11,-0.02458962,LowVol
1941-12,-0.05491574,LowVol
1942-01,0.025070890000000002,LowVol
1942-02,-0.03189043,LowVol
1942-03,-0.0704856,LowVol
1942-04,-0.03906056,LowVol
1942-05,0.07513647,LowVol
1942-06,0.03770846,LowVol
1942-07,0.02832675,LowVol
1942-08,0.02198254,LowVol
1942-09,0.014917380000000001,LowVol
1942-10,0.04404018,LowVol
1942-11,0.00725986,LowVol
1942-12,0.042472779999999995,LowVol
1943-01,0.07868377,LowVol
1943-02,0.04690671,LowVol
1943-03,0.06782465,LowVol
1943-04,0.009745479999999999,LowVol
1943-05,0.04158806,LowVol
1943-06,0.021391689999999998,LowVol
1943-07,-0.024079829999999997,LowVol
1943-08,0.0120549,LowVol
1943-09,0.02712985,LowVol
1943-10,-0.00474713,LowVol
1943-11,-0.04371577,LowVol
1943-12,0.04839736,LowVol
1944-01,0.02376017,LowVol
1944-02,0.01029372,LowVol
1944-03,0.01907902,LowVol
1944-04,-0.0141994,LowVol
1944-05,0.03891122,LowVol
1944-06,0.04644909,LowVol
1944-07,0.008259909090909092,LowVol
1944-08,0.01461994,LowVol
1944-09,0.0002779000000000001,LowVol
1944-10,0.01271601,LowVol
1944-11,0.01908641,LowVol
1944-12,0.03416765,LowVol
1945-01,0.02587102,LowVol
1945-02,0.05471544,LowVol
1945-03,-0.02707481,LowVol
1945-04,0.0625997,LowVol
1945-05,0.022385242424242426,LowVol
1945-06,-0.0040656,LowVol
1945-07,-0.01251626,LowVol
1945-08,0.04585651,LowVol
1945-09,0.05076269,LowVol
1945-10,0.056702390000000005,LowVol
1945-11,0.03796861,LowVol
1945-12,0.012269877551020408,LowVol
1946-01,0.06008762,LowVol
1946-02,-0.03845155,LowVol
1946-03,0.06222540000000001,LowVol
1946-04,0.046998490000000004,LowVol
1946-05,0.0291979,LowVol
1946-06,-0.02359781,LowVol
1946-07,-0.01874614,LowVol
1946-08,-0.04071977,LowVol
1946-09,-0.08742744,LowVol
1946-10,-0.00177378,LowVol
1946-11,0.014266460000000002,LowVol
1946-12,0.03579809090909091,LowVol
1947-01,0.02005566,LowVol
1947-02,-0.00569,LowVol
1947-03,-0.01294144,LowVol
1947-04,-0.04144571,LowVol
1947-05,-0.007401219999999999,LowVol
1947-06,0.05207122,LowVol
1947-07,0.03230036,LowVol
1947-08,-0.015211889999999999,LowVol
1947-09,-0.0031475,LowVol
1947-10,0.02093042,LowVol
1947-11,-0.010653300000000001,LowVol
1947-12,0.01822577,LowVol
1948-01,-0.0244033,LowVol
1948-02,-0.03799719191919192,LowVol
1948-03,0.059621930000000004,LowVol
1948-04,0.0265752,LowVol
1948-05,0.056307039999999996,LowVol
1948-06,4.420000000000042e-05,LowVol
1948-07,-0.02606273,LowVol
1948-08,0.00501104,LowVol
1948-09,-0.02319919,LowVol
1948-10,0.03336305,LowVol
1948-11,-0.05826167,LowVol
1948-12,0.02055135,LowVol
1949-01,0.021539839999999998,LowVol
1949-02,-0.022719279999999998,LowVol
1949-03,0.03948023,LowVol
1949-04,-0.00585677,LowVol
1949-05,-0.01257318,LowVol
1949-06,-0.01024084,LowVol
1949-07,0.046010140000000005,LowVol
1949-08,0.027325409999999998,LowVol
1949-09,0.029477600000000003,LowVol
1949-10,0.02586883,LowVol
1949-11,0.00746167,LowVol
1949-12,0.04613018181818181,LowVol
1950-01,0.01868585,LowVol
1950-02,0.014929129999999999,LowVol
1950-03,0.00816686,LowVol
1950-04,0.00240671,LowVol
1950-05,0.026648849999999998,LowVol
1950-06,-0.05219258,LowVol
1950-07,-0.01236875,LowVol
1950-08,0.039508589999999996,LowVol
1950-09,0.03628916,LowVol
1950-10,-0.0003392399999999996,LowVol
1950-11,0.0071194100000000005,LowVol
1950-12,0.024721069999999998,LowVol
1951-01,0.043400930000000004,LowVol
1951-02,0.019464079999999998,LowVol
1951-03,-0.01222571,LowVol
1951-04,0.00427179,LowVol
1951-05,-0.008104279999999998,LowVol
1951-06,-0.01688197,LowVol
1951-07,0.02713312,LowVol
1951-08,0.03280605,LowVol
1951-09,0.008877340000000001,LowVol
1951-10,-0.01637355,LowVol
1951-11,0.01014515,LowVol
1951-12,0.012108540000000001,LowVol
1952-01,0.02456001,LowVol
1952-02,-0.010681000000000001,LowVol
1952-03,0.01917331,LowVol
1952-04,-0.01565175,LowVol
1952-05,0.02111372,LowVol
1952-06,0.012591620000000001,LowVol
1952-07,0.01651128,LowVol
1952-08,0.011060380000000002,LowVol
1952-09,0.00107771,LowVol
1952-10,-0.0019392,LowVol
1952-11,0.0408422,LowVol
1952-12,0.01890566,LowVol
1953-01,0.02861536,LowVol
1953-02,0.007850890000000001,LowVol
1953-03,-0.0018954600000000003,LowVol
1953-04,-0.012339979999999999,LowVol
1953-05,-0.0009635999999999999,LowVol
1953-06,-0.01683694,LowVol
1953-07,0.022991565656565658,LowVol
1953-08,-0.005116646464646464,LowVol
1953-09,0.004143888888888889,LowVol
1953-10,0.024222809999999997,LowVol
1953-11,0.02536783,LowVol
1953-12,0.009703930000000001,LowVol
1954-01,0.03093169,LowVol
1954-02,0.017724880000000002,LowVol
1954-03,0.01642021,LowVol
1954-04,0.0055761000000000005,LowVol
1954-05,0.02090986,LowVol
1954-06,0.012436270000000001,LowVol
1954-07,0.050621669999999994,LowVol
1954-08,-0.0019560099999999998,LowVol
1954-09,0.01914928,LowVol
1954-10,-0.0168364,LowVol
1954-11,0.053112190000000004,LowVol
1954-12,0.04047203,LowVol
1955-01,0.015942535353535355,LowVol
1955-02,0.036660616161616165,LowVol
1955-03,-0.010995616161616161,LowVol
1955-04,0.024936950000000003,LowVol
1955-05,0.00622744,LowVol
1955-06,0.01757707,LowVol
1955-07,0.023916530000000002,LowVol
1955-08,0.00055686,LowVol
1955-09,-0.00697541,LowVol
1955-10,-0.01147126,LowVol
1955-11,0.01975192,LowVol
1955-12,0.0027172200000000002,LowVol
1956-01,-0.0059815499999999995,LowVol
1956-02,0.01606708,LowVol
1956-03,0.020530800000000002,LowVol
1956-04,-0.01187042,LowVol
1956-05,-0.01143905,LowVol
1956-06,0.01151319191919192,LowVol
1956-07,0.030833569999999998,LowVol
1956-08,-0.01229196,LowVol
1956-09,-0.027312242424242423,LowVol
1956-10,0.00411808,LowVol
1956-11,-0.0017370100000000004,LowVol
1956-12,0.00699705,LowVol
1957-01,0.02198601,LowVol
1957-02,0.0008622100000000001,LowVol
1957-03,0.01465827,LowVol
1957-04,0.01182787,LowVol
1957-05,0.01129575,LowVol
1957-06,-0.01872442,LowVol
1957-07,0.00254652,LowVol
1957-08,-0.005660292929292929,LowVol
1957-09,-0.015066250000000002,LowVol
1957-10,-0.020086859999999998,LowVol
1957-11,0.022972121212121215,LowVol
1957-12,0.00850007,LowVol
1958-01,0.07083085,LowVol
1958-02,0.01664023,LowVol
1958-03,0.027576800000000002,LowVol
1958-04,0.0414923,LowVol
1958-05,0.024836550000000002,LowVol
1958-06,0.017495860000000002,LowVol
1958-07,0.014694989999999998,LowVol
1958-08,0.01014443,LowVol
1958-09,0.02451047,LowVol
1958-10,0.02635777,LowVol
1958-11,0.03440924,LowVol
1958-12,0.04174697,LowVol
1959-01,0.03902892,LowVol
1959-02,0.01548412,LowVol
1959-03,0.00839839,LowVol
1959-04,0.00941068,LowVol
1959-05,-0.00553073,LowVol
1959-06,-0.009028280000000001,LowVol
1959-07,0.028628079999999997,LowVol
1959-08,0.00882433,LowVol
1959-09,-0.02486911,LowVol
1959-10,0.00910585,LowVol
1959-11,0.0010053299999999996,LowVol
1959-12,0.011283920000000001,LowVol
1960-01,-0.01597837,LowVol
1960-02,0.01042673,LowVol
1960-03,0.0048492000000000006,LowVol
1960-04,0.00672447,LowVol
1960-05,0.011828449999999999,LowVol
1960-06,0.031876,LowVol
1960-07,0.0073646200000000005,LowVol
1960-08,0.03579027,LowVol
1960-09,-0.03260359,LowVol
1960-10,-0.0082814,LowVol
1960-11,0.032826629999999996,LowVol
1960-12,0.04353863636363636,LowVol
1961-01,0.0694757,LowVol
1961-02,0.04347546,LowVol
1961-03,0.0281,LowVol
1961-04,0.02302198,LowVol
1961-05,0.02797007,LowVol
1961-06,-0.01584626,LowVol
1961-07,0.02897225,LowVol
1961-08,0.03327626,LowVol
1961-09,0.0036448282828282826,LowVol
1961-10,0.04589327,LowVol
1961-11,0.040124019999999996,LowVol
1961-12,-0.017980549999999998,LowVol
1962-01,-0.01978775,LowVol
1962-02,0.01999592,LowVol
1962-03,0.00521004,LowVol
1962-04,-0.033959550000000005,LowVol
1962-05,-0.07035686000000001,LowVol
1962-06,-0.049119989999999995,LowVol
1962-07,0.038338222222222225,LowVol
1962-08,0.01370766,LowVol
1962-09,-0.03111863,LowVol
1962-10,-0.012902040000000002,LowVol
1962-11,0.07708107070707071,LowVol
1962-12,0.02206165,LowVol
1963-01,0.05882048,LowVol
1963-02,-0.0090616,LowVol
1963-03,0.017277670000000002,LowVol
1963-04,0.03729342,LowVol
1963-05,0.01494027,LowVol
1963-06,-0.00936642,LowVol
1963-07,-0.0027953,LowVol
1963-08,0.03188825252525253,LowVol
1963-09,-0.014992151515151516,LowVol
1963-10,0.00211061,LowVol
1963-11,-0.01022048,LowVol
1963-12,0.01001588,LowVol
1964-01,0.008046409999999999,LowVol
1964-02,0.01589875,LowVol
1964-03,0.018647359999999998,LowVol
1964-04,0.00955521,LowVol
1964-05,0.01785057,LowVol
1964-06,0.02226436,LowVol
1964-07,0.030973260000000002,LowVol
1964-08,0.01093963,LowVol
1964-09,0.019802343434343433,LowVol
1964-10,0.01810788,LowVol
1964-11,0.014594770000000002,LowVol
1964-12,-0.00738904,LowVol
1965-01,0.02973184,LowVol
1965-02,0.016356,LowVol
1965-03,0.0022106399999999994,LowVol
1965-04,0.012600720000000001,LowVol
1965-05,-0.005446370000000001,LowVol
1965-06,-0.0401569696969697,LowVol
1965-07,0.01679323,LowVol
1965-08,0.01066823,LowVol
1965-09,0.01125063,LowVol
1965-10,0.006166240000000001,LowVol
1965-11,0.00521429,LowVol
1965-12,0.0024094343434343433,LowVol
1966-01,-0.006983479999999999,LowVol
1966-02,-0.024262660000000002,LowVol
1966-03,-0.015830200000000003,LowVol
1966-04,0.00020342000000000003,LowVol
1966-05,-0.030536090000000002,LowVol
1966-06,-0.01305226,LowVol
1966-07,-0.0010141313131313131,LowVol
1966-08,-0.06364009090909091,LowVol
1966-09,0.014944939393939394,LowVol
1966-10,0.05551376,LowVol
1966-11,-0.012330730000000002,LowVol
1966-12,0.018481110000000002,LowVol
1967-01,0.08144428,LowVol
1967-02,-0.005512707070707071,LowVol
1967-03,0.028920262626262627,LowVol
1967-04,0.01370375,LowVol
1967-05,-0.021040040000000003,LowVol
1967-06,0.005470269999999999,LowVol
1967-07,0.041160131313131315,LowVol
1967-08,0.01325020202020202,LowVol
1967-09,0.01108454,LowVol
1967-10,-0.03758069,LowVol
1967-11,-0.00145706,LowVol
1967-12,0.020956360000000004,LowVol
1968-01,0.02796521212121212,LowVol
1968-02,-0.005865111111111111,LowVol
1968-03,-0.018845979591836735,LowVol
1968-04,0.05017047474747475,LowVol
1968-05,0.01062059595959596,LowVol
1968-06,0.05671130612244898,LowVol
1968-07,0.00025458999999999963,LowVol
1968-08,0.0056441600000000005,LowVol
1968-09,0.020424519999999998,LowVol
1968-10,0.02909353,LowVol
1968-11,0.06716001,LowVol
1968-12,-0.022837420478080003,LowVol
1969-01,0.01237151515151515,LowVol
1969-02,-0.04113829292929293,LowVol
1969-03,0.0016022222222222221,LowVol
1969-04,0.00668473,LowVol
1969-05,0.007130030000000001,LowVol
1969-06,-0.05385866,LowVol
1969-07,-0.0369190202020202,LowVol
1969-08,0.001543737373737374,LowVol
1969-09,-0.03219229292929293,LowVol
1969-10,0.0528079,LowVol
1969-11,-0.04169971,LowVol
1969-12,-0.012572119999999999,LowVol
1970-01,-0.03172751,LowVol
1970-02,0.0627107,LowVol
1970-03,0.02015908,LowVol
1970-04,-0.05811732,LowVol
1970-05,-0.04896076,LowVol
1970-06,-0.03385168,LowVol
1970-07,0.05214816,LowVol
1970-08,0.03242567,LowVol
1970-09,0.012286950000000001,LowVol
1970-10,-0.00264104,LowVol
1970-11,0.07036259,LowVol
1970-12,0.06976033,LowVol
1971-01,0.05557719,LowVol
1971-02,0.006733,LowVol
1971-03,0.01404803,LowVol
1971-04,0.00402353,LowVol
1971-05,-0.03774716,LowVol
1971-06,0.01173621,LowVol
1971-07,-0.01570912,LowVol
1971-08,0.02951367,LowVol
1971-09,-0.01170448,LowVol
1971-10,0.004078109999999999,LowVol
1971-11,0.0026825900000000003,LowVol
1971-12,0.06990594,LowVol
1972-01,0.024087360000000002,LowVol
1972-02,0.0016504300000000005,LowVol
1972-03,0.0013469600000000001,LowVol
1972-04,-0.01438948,LowVol
1972-05,0.00295217,LowVol
1972-06,-0.011946179999999999,LowVol
1972-07,0.00530428,LowVol
1972-08,0.027762090000000003,LowVol
1972-09,0.00029659000000000017,LowVol
1972-10,0.02684037,LowVol
1972-11,0.06140072,LowVol
1972-12,-0.0036152900000000006,LowVol
1973-01,-0.013747259999999999,LowVol
1973-02,-0.015467555555555556,LowVol
1973-03,-0.010157707070707072,LowVol
1973-04,-0.009383830000000001,LowVol
1973-05,-0.00823424,LowVol
1973-06,-0.00337493,LowVol
1973-07,-0.00740099,LowVol
1973-08,-0.02000672,LowVol
1973-09,0.04152703,LowVol
1973-10,-0.01435027,LowVol
1973-11,-0.0862387,LowVol
1973-12,0.01373469,LowVol
1974-01,0.042360300000000004,LowVol
1974-02,0.01359027,LowVol
1974-03,-0.02790279,LowVol
1974-04,-0.08927174,LowVol
1974-05,-0.06139824,LowVol
1974-06,-0.045352699999999996,LowVol
1974-07,-0.027337880000000002,LowVol
1974-08,-0.07183791,LowVol
1974-09,-0.04441359,LowVol
1974-10,0.09261216,LowVol
1974-11,-0.014015525252525253,LowVol
1974-12,-0.02491491,LowVol
1975-01,0.22581583,LowVol
1975-02,0.00636598,LowVol
1975-03,-0.0016778000000000001,LowVol
1975-04,-0.0023440999999999996,LowVol
1975-05,0.054647430000000004,LowVol
1975-06,0.06339202000000001,LowVol
1975-07,-0.027592,LowVol
1975-08,-0.00992047,LowVol
1975-09,-0.01192868,LowVol
1975-10,0.04615101,LowVol
1975-11,0.03446833,LowVol
1975-12,0.0035746,LowVol
1976-01,0.1046446530612245,LowVol
1976-02,0.008922060606060605,LowVol
1976-03,0.008742363636363637,LowVol
1976-04,0.01068155,LowVol
1976-05,-0.008719890000000001,LowVol
1976-06,0.03500103,LowVol
1976-07,0.02457523,LowVol
1976-08,0.0213410202020202,LowVol
1976-09,0.03163428,LowVol
1976-10,0.0010369400000000003,LowVol
1976-11,0.02131357,LowVol
1976-12,0.06563901,LowVol
1977-01,0.00482256,LowVol
1977-02,-0.02171569,LowVol
1977-03,-0.00199186,LowVol
1977-04,0.024819840000000003,LowVol
1977-05,0.00966972,LowVol
1977-06,0.04715622,LowVol
1977-07,0.00253388,LowVol
1977-08,-0.024768759999999997,LowVol
1977-09,0.0052404700000000005,LowVol
1977-10,-0.020487920000000003,LowVol
1977-11,0.02728155,LowVol
1977-12,0.0035457999999999996,LowVol
1978-01,-0.036452848484848484,LowVol
1978-02,0.0022499898989898986,LowVol
1978-03,0.022588121212121212,LowVol
1978-04,0.013897360000000001,LowVol
1978-05,0.00451056,LowVol
1978-06,0.01164077,LowVol
1978-07,0.01925448,LowVol
1978-08,0.02534427,LowVol
1978-09,-0.00286485,LowVol
1978-10,-0.05921665,LowVol
1978-11,0.01836431,LowVol
1978-12,-0.01092765,LowVol
1979-01,0.057694989999999995,LowVol
1979-02,-0.016097840000000002,LowVol
1979-03,0.01004089,LowVol
1979-04,-0.01926319,LowVol
1979-05,0.01079427,LowVol
1979-06,0.035593889999999996,LowVol
1979-07,0.01850934,LowVol
1979-08,0.022153839999999998,LowVol
1979-09,-0.022813789999999997,LowVol
1979-10,-0.06209803,LowVol
1979-11,0.05088129,LowVol
1979-12,-0.02598015,LowVol
1980-01,-0.00640378,LowVol
1980-02,-0.05587478,LowVol
1980-03,-0.03205172,LowVol
1980-04,0.13724122,LowVol
1980-05,0.055631820000000005,LowVol
1980-06,0.03761847,LowVol
1980-07,-3.245999999999985e-05,LowVol
1980-08,-0.00841037,LowVol
1980-09,-0.011026969696969698,LowVol
1980-10,-0.011357970000000002,LowVol
1980-11,-0.00415032,LowVol
1980-12,0.03139886597938144,LowVol
1981-01,0.020295869999999997,LowVol
1981-02,0.00974331,LowVol
1981-03,0.05002748484848485,LowVol
1981-04,0.00975112,LowVol
1981-05,0.026056759999999998,LowVol
1981-06,0.03862676,LowVol
1981-07,-0.0023546464646464643,LowVol
1981-08,-0.016640454545454545,LowVol
1981-09,-0.02003557575757576,LowVol
1981-10,0.0530757,LowVol
1981-11,0.06150191000000001,LowVol
1981-12,-0.02270742,LowVol
1982-01,0.01043366,LowVol
1982-02,0.01325831,LowVol
1982-03,0.02614506,LowVol
1982-04,0.03921762,LowVol
1982-05,-0.01903637,LowVol
1982-06,-0.012529460000000001,LowVol
1982-07,-0.0074835200000000004,LowVol
1982-08,0.11236133000000001,LowVol
1982-09,0.022060240000000002,LowVol
1982-10,0.07173014,LowVol
1982-11,0.02681466,LowVol
1982-12,0.02680251,LowVol
1983-01,0.02475771,LowVol
1983-02,0.02492823,LowVol
1983-03,0.01421036,LowVol
1983-04,0.04422659,LowVol
1983-05,0.007974828282828283,LowVol
1983-06,-0.01519389898989899,LowVol
1983-07,0.01284085,LowVol
1983-08,0.010391490000000001,LowVol
1983-09,0.05423464,LowVol
1983-10,0.03111321,LowVol
1983-11,-0.0027735100000000003,LowVol
1983-12,-0.043148660000000005,LowVol
1984-01,0.00794792,LowVol
1984-02,-0.02950752,LowVol
1984-03,-0.00829877,LowVol
1984-04,-0.010173059999999998,LowVol
1984-05,0.00231701,LowVol
1984-06,0.021544720000000003,LowVol
1984-07,0.01024591,LowVol
1984-08,0.06535822000000001,LowVol
1984-09,0.044188330000000005,LowVol
1984-10,0.039789240000000003,LowVol
1984-11,0.01800894,LowVol
1984-12,0.02566695,LowVol
1985-01,0.03319963,LowVol
1985-02,0.00939312,LowVol
1985-03,0.04480803,LowVol
1985-04,0.01967804,LowVol
1985-05,0.05422921,LowVol
1985-06,0.043757729999999995,LowVol
1985-07,-0.04421446,LowVol
1985-08,0.0252454,LowVol
1985-09,-0.03740517,LowVol
1985-10,0.059596729999999994,LowVol
1985-11,0.0426927,LowVol
1985-12,0.05413719,LowVol
1986-01,0.022591169999999997,LowVol
1986-02,0.08481843,LowVol
1986-03,0.04894917171717172,LowVol
1986-04,-0.00816804,LowVol
1986-05,0.046282,LowVol
1986-06,0.05156863,LowVol
1986-07,0.027639399999999998,LowVol
1986-08,0.061081830000000004,LowVol
1986-09,-0.09001806,LowVol
1986-10,0.047911289999999995,LowVol
1986-11,-0.0007962525252525251,LowVol
1986-12,-0.02831774489795918,LowVol
1987-01,0.08399027,LowVol
1987-02,-0.0019193900000000002,LowVol
1987-03,0.00918153,LowVol
1987-04,-0.04250947,LowVol
1987-05,-0.0073882800000000005,LowVol
1987-06,0.0474743,LowVol
1987-07,0.00448426,LowVol
1987-08,0.0377017,LowVol
1987-09,-0.0133277,LowVol
1987-10,-0.12084537000000001,LowVol
1987-11,-0.03352657,LowVol
1987-12,0.02999402,LowVol
1988-01,0.0877371,LowVol
1988-02,0.003074161616161616,LowVol
1988-03,-0.030116959595959596,LowVol
1988-04,0.0022762999999999998,LowVol
1988-05,0.023323,LowVol
1988-06,0.03242411,LowVol
1988-07,-0.010249759999999998,LowVol
1988-08,0.0026253232323232324,LowVol
1988-09,0.028345151515151514,LowVol
1988-10,0.01616147,LowVol
1988-11,-0.009285,LowVol
1988-12,0.00967637,LowVol
1989-01,0.022550316326530612,LowVol
1989-02,-0.010381326530612247,LowVol
1989-03,0.005344744897959185,LowVol
1989-04,0.03944778,LowVol
1989-05,0.0480255,LowVol
1989-06,0.01969803,LowVol
1989-07,0.05623744,LowVol
1989-08,0.0007736200000000003,LowVol
1989-09,0.00888635,LowVol
1989-10,0.00036742999999999954,LowVol
1989-11,0.02313642,LowVol
1989-12,0.0496182,LowVol
1990-01,-0.061390570000000005,LowVol
1990-02,0.0048829,LowVol
1990-03,0.00198742,LowVol
1990-04,-0.04317512,LowVol
1990-05,0.04628387,LowVol
1990-06,0.00328224,LowVol
1990-07,0.00018100999999999968,LowVol
1990-08,-0.060418219999999995,LowVol
1990-09,-0.00835547,LowVol
1990-10,0.051958340000000006,LowVol
1990-11,0.03439863265306122,LowVol
1990-12,0.019874397959183675,LowVol
1991-01,-0.008055330000000001,LowVol
1991-02,0.055056390000000004,LowVol
1991-03,0.02036643,LowVol
1991-04,0.01309824,LowVol
1991-05,0.00286873,LowVol
1991-06,-0.01322744,LowVol
1991-07,0.04138745,LowVol
1991-08,0.03497027,LowVol
1991-09,0.03170601,LowVol
1991-10,0.01295727,LowVol
1991-11,0.011821189999999999,LowVol
1991-12,0.06342657,LowVol
1992-01,-0.03646217,LowVol
1992-02,-0.004854000000000001,LowVol
1992-03,-0.009122980000000001,LowVol
1992-04,0.030042870000000003,LowVol
1992-05,0.02267087,LowVol
1992-06,0.00708179,LowVol
1992-07,0.056890619999999996,LowVol
1992-08,0.0028672000000000003,LowVol
1992-09,0.0077848399999999995,LowVol
1992-10,-0.00809258,LowVol
1992-11,0.0011170899999999998,LowVol
1992-12,0.03307945,LowVol
1993-01,0.01921637,LowVol
1993-02,0.05254132,LowVol
1993-03,0.01815632,LowVol
1993-04,-0.00465807,LowVol
1993-05,-0.00356908,LowVol
1993-06,0.03036435,LowVol
1993-07,0.01997769,LowVol
1993-08,0.0265057,LowVol
1993-09,-0.00363119,LowVol
1993-10,-0.0167917,LowVol
1993-11,-0.050839379999999997,LowVol
1993-12,0.02114899,LowVol
1994-01,-0.016973290000000002,LowVol
1994-02,-0.045624580000000005,LowVol
1994-03,-0.02410477,LowVol
1994-04,0.021238160000000002,LowVol
1994-05,-0.0417586,LowVol
1994-06,-0.02571524,LowVol
1994-07,0.039763259999999995,LowVol
1994-08,0.01130101,LowVol
1994-09,-0.027740610000000002,LowVol
1994-10,0.014162434343434343,LowVol
1994-11,-0.014725686868686869,LowVol
1994-12,0.006894464646464646,LowVol
1995-01,0.049523599999999994,LowVol
1995-02,0.02344926,LowVol
1995-03,-0.0003570199999999996,LowVol
1995-04,0.01034182,LowVol
1995-05,0.044782039999999995,LowVol
1995-06,0.006219233591660001,LowVol
1995-07,0.008327656565656566,LowVol
1995-08,0.016043222222222223,LowVol
1995-09,0.05175465306122449,LowVol
1995-10,0.01771351,LowVol
1995-11,0.03726585,LowVol
1995-12,0.03300539,LowVol
1996-01,0.027026323514640002,LowVol
1996-02,-0.010717,LowVol
1996-03,0.004675606060606061,LowVol
1996-04,-0.01905286,LowVol
1996-05,0.01475924,LowVol
1996-06,0.03754546,LowVol
1996-07,-0.03041965,LowVol
1996-08,0.022631969999999998,LowVol
1996-09,0.02653374,LowVol
1996-10,0.03085505,LowVol
1996-11,0.046885079999999996,LowVol
1996-12,-0.00307097,LowVol
1997-01,0.02378222,LowVol
1997-02,0.02016857,LowVol
1997-03,-0.02805404,LowVol
1997-04,0.01869997,LowVol
1997-05,0.04491506,LowVol
1997-06,0.038305530000000004,LowVol
1997-07,0.03741923,LowVol
1997-08,-0.0193939898989899,LowVol
1997-09,0.051618030303030304,LowVol
1997-10,-0.008007040404040404,LowVol
1997-11,0.05744248484848485,LowVol
1997-12,0.06701203380767677,LowVol
1998-01,-0.03544585858585859,LowVol
1998-02,0.04426869696969697,LowVol
1998-03,0.05567232653061224,LowVol
1998-04,-0.012984830000000001,LowVol
1998-05,-0.017903919191919193,LowVol
1998-06,0.017316690721649486,LowVol
1998-07,-0.03943766666666667,LowVol
1998-08,-0.04077090909090909,LowVol
1998-09,0.07389743434343435,LowVol
1998-10,0.00860203,LowVol
1998-11,0.02399267676767677,LowVol
1998-12,0.029930057877707073,LowVol
1999-01,-0.05829916161616162,LowVol
1999-02,-0.027910121212121212,LowVol
1999-03,-0.016965234693877552,LowVol
1999-04,0.0743628,LowVol
1999-05,0.03114909,LowVol
1999-06,0.0006242626262626263,LowVol
1999-07,-0.013761797979797978,LowVol
1999-08,-0.012907357142857142,LowVol
1999-09,-0.04413755102040816,LowVol
1999-10,0.03450435,LowVol
1999-11,-0.04565778651984,LowVol
1999-12,-0.020116353535353536,LowVol
2000-01,-0.0070785,LowVol
2000-02,-0.08227857999999999,LowVol
2000-03,0.11093935353535353,LowVol
2000-04,0.040073505050505054,LowVol
2000-05,0.038550939393939394,LowVol
2000-06,-0.04273025024081632,LowVol
2000-07,0.02202245918367347,LowVol
2000-08,0.07046024742268041,LowVol
2000-09,0.06057648453608247,LowVol
2000-10,0.00945608080808081,LowVol
2000-11,0.03993534152272165,LowVol
2000-12,0.07624727368421053,LowVol
2001-01,-0.054133810000000004,LowVol
2001-02,0.02814030303030303,LowVol
2001-03,-0.01222427551020408,LowVol
2001-04,0.03854528,LowVol
2001-05,0.025752349999999997,LowVol
2001-06,-0.006420360000000001,LowVol
2001-07,-0.00395606795578,LowVol
2001-08,0.003053319587628866,LowVol
2001-09,-0.025009247422680413,LowVol
2001-10,-0.00893961616161616,LowVol
2001-11,0.025178642857142858,LowVol
2001-12,0.04215046391752577,LowVol
2002-01,0.00911956697921,LowVol
2002-02,0.019694040404040405,LowVol
2002-03,0.041473585858585856,LowVol
2002-04,0.017048269999999997,LowVol
2002-05,-0.00797589,LowVol
2002-06,-0.04084811,LowVol
2002-07,-0.049394161616161614,LowVol
2002-08,0.010683,LowVol
2002-09,-0.06282155102040816,LowVol
2002-10,0.025968309999999998,LowVol
2002-11,0.008303129999999999,LowVol
2002-12,0.00489935,LowVol
2003-01,-0.013661399999999999,LowVol
2003-02,-0.01533654,LowVol
2003-03,0.010357499999999999,LowVol
2003-04,0.0510719,LowVol
2003-05,0.057719059999999996,LowVol
2003-06,-0.0029966999999999997,LowVol
2003-07,0.01218931313131313,LowVol
2003-08,0.011937949494949494,LowVol
2003-09,0.005031181818181818,LowVol
2003-10,0.05199377,LowVol
2003-11,0.022171439999999997,LowVol
2003-12,0.028267760000000003,LowVol
2004-01,0.013416525252525253,LowVol
2004-02,0.02993040404040404,LowVol
2004-03,0.0012851818181818183,LowVol
2004-04,-0.02117014,LowVol
2004-05,0.02458778,LowVol
2004-06,0.012859329551440002,LowVol
2004-07,-0.02282937373737374,LowVol
2004-08,0.03124242424242424,LowVol
2004-09,0.006961727272727273,LowVol
2004-10,0.02030293,LowVol
2004-11,0.03317653,LowVol
2004-12,0.02923925,LowVol
2005-01,-0.01801119,LowVol
2005-02,0.0034972799999999997,LowVol
2005-03,-0.006577262626262626,LowVol
2005-04,-0.00328758,LowVol
2005-05,0.02962542,LowVol
2005-06,0.014841280000000002,LowVol
2005-07,0.02597857,LowVol
2005-08,-0.01161186,LowVol
2005-09,0.0057527461932699985,LowVol
2005-10,-0.013282020202020203,LowVol
2005-11,0.016832959595959596,LowVol
2005-12,-0.002172424242424242,LowVol
2006-01,0.00976108,LowVol
2006-02,0.01698882,LowVol
2006-03,0.00043380700649999756,LowVol
2006-04,0.0067851734693877555,LowVol
2006-05,-0.009301336734693877,LowVol
2006-06,0.004838520408163265,LowVol
2006-07,0.02513468,LowVol
2006-08,0.01741191,LowVol
2006-09,0.010454749999999999,LowVol
2006-10,0.03247196,LowVol
2006-11,0.01786923,LowVol
2006-12,0.015892680000000003,LowVol
2007-01,0.0008485099999999998,LowVol
2007-02,-2.9929999999999922e-05,LowVol
2007-03,0.0061305,LowVol
2007-04,0.01836724,LowVol
2007-05,0.01439202,LowVol
2007-06,-0.03134195,LowVol
2007-07,-0.04951430303030303,LowVol
2007-08,0.027943530612244895,LowVol
2007-09,0.02191291836734694,LowVol
2007-10,0.0066898800000000005,LowVol
2007-11,-0.01215264,LowVol
2007-12,-0.01977553,LowVol
2008-01,-0.03312888,LowVol
2008-02,-0.0370828,LowVol
2008-03,0.0018593300000000002,LowVol
2008-04,0.03552083,LowVol
2008-05,0.01793016,LowVol
2008-06,-0.07312844,LowVol
2008-07,0.0249719,LowVol
2008-08,0.02541841,LowVol
2008-09,-0.024848585858585858,LowVol
2008-10,-0.12459049,LowVol
2008-11,-0.0288637,LowVol
2008-12,0.01522275,LowVol
2009-01,-0.05308885,LowVol
2009-02,-0.10931114000000001,LowVol
2009-03,0.047758909999999995,LowVol
2009-04,0.02274083,LowVol
2009-05,0.014672629999999999,LowVol
2009-06,0.03991087,LowVol
2009-07,0.047309000000000004,LowVol
2009-08,0.01042622,LowVol
2009-09,0.01984818,LowVol
2009-10,-0.00560973,LowVol
2009-11,0.04737834999999999,LowVol
2009-12,0.03286749,LowVol
2010-01,-0.02191239,LowVol
2010-02,0.021066099999999997,LowVol
2010-03,0.03705313,LowVol
2010-04,0.01842973,LowVol
2010-05,-0.051259030000000004,LowVol
2010-06,-0.01786,LowVol
2010-07,0.05076769,LowVol
2010-08,-0.005408360000000001,LowVol
2010-09,0.05388851,LowVol
2010-10,0.02415505,LowVol
2010-11,-0.007296629999999999,LowVol
2010-12,0.039347560000000004,LowVol
2011-01,0.00494958,LowVol
2011-02,0.03372101,LowVol
2011-03,0.01856822,LowVol
2011-04,0.04221408,LowVol
2011-05,0.01055338383838384,LowVol
2011-06,-0.011182826530612245,LowVol
2011-07,-0.026833390000000002,LowVol
2011-08,0.004375639999999999,LowVol
2011-09,-0.02711998,LowVol
2011-10,0.05363606,LowVol
2011-11,0.010966454545454547,LowVol
2011-12,0.03130115306122449,LowVol
2012-01,-0.006812858585858585,LowVol
2012-02,0.012393242424242425,LowVol
2012-03,0.021099232323232322,LowVol
2012-04,0.013982979797979798,LowVol
2012-05,-0.007376474747474747,LowVol
2012-06,0.038641575757575757,LowVol
2012-07,0.015564424242424242,LowVol
2012-08,-0.012780525252525252,LowVol
2012-09,0.02008919191919192,LowVol
2012-10,0.00483671,LowVol
2012-11,-0.004497150000000001,LowVol
2012-12,-0.004873140000000001,LowVol
2013-01,0.05950678,LowVol
2013-02,0.03313383,LowVol
2013-03,0.053739590000000004,LowVol
2013-04,0.037148310000000004,LowVol
2013-05,-0.03817078,LowVol
2013-06,0.004205252525252525,LowVol
2013-07,0.04992398,LowVol
2013-08,-0.0526494,LowVol
2013-09,0.015611930000000001,LowVol
2013-10,0.044524150000000005,LowVol
2013-11,0.00622104,LowVol
2013-12,0.019399959595959596,LowVol
2014-01,-0.015399343434343434,LowVol
2014-02,0.03549718181818182,LowVol
2014-03,0.01747667676767677,LowVol
2014-04,0.02352513,LowVol
2014-05,0.00158149,LowVol
2014-06,0.0280566,LowVol
2014-07,-0.045925839999999996,LowVol
2014-08,0.044919440000000005,LowVol
2014-09,-0.01543401,LowVol
2014-10,0.05906638,LowVol
2014-11,0.02653045,LowVol
2014-12,0.017427269999999998,LowVol
2015-01,-0.019630250000000002,LowVol
2015-02,0.04893219,LowVol
2015-03,-0.00152891,LowVol
2015-04,-0.01367634,LowVol
2015-05,0.01636873,LowVol
2015-06,-0.00722683,LowVol
2015-07,0.03685583,LowVol
2015-08,-0.04848231313131313,LowVol
2015-09,-0.007371909090909091,LowVol
2015-10,0.059054340000000004,LowVol
2015-11,0.01368544,LowVol
2015-12,-0.01959722,LowVol
2016-01,-0.02696078,LowVol
2016-02,0.0096301,LowVol
2016-03,0.058983759999999996,LowVol
2016-04,7.746999999999993e-05,LowVol
2016-05,0.028299393205430002,LowVol
2016-06,0.03632032323232323,LowVol
2016-07,0.00939624,LowVol
2016-08,-0.0016210500000000006,LowVol
2016-09,-0.00935038,LowVol
2016-10,-0.0156345,LowVol
2016-11,0.0410675,LowVol
2016-12,0.026761309999999996,LowVol
1929-04,0.016338010101010103,NPY
1929-05,-0.06517989795918366,NPY
1929-06,0.05852065306122449,NPY
1929-07,0.03326868686868687,NPY
1929-08,0.039856272727272726,NPY
1929-09,-0.04396605,NPY
1929-10,-0.15425594845360827,NPY
1929-11,-0.09744381,NPY
1929-12,-0.022138737373737373,NPY
1930-01,0.11226565000000001,NPY
1930-02,0.036152000000000004,NPY
1930-03,0.07964255,NPY
1930-04,-0.08381255,NPY
1930-05,-0.007487909090909091,NPY
1930-06,-0.16422575257731958,NPY
1930-07,0.04386349,NPY
1930-08,-0.03585133333333334,NPY
1930-09,-0.13955145454545453,NPY
1930-10,-0.10198684999999999,NPY
1930-11,0.014771272727272727,NPY
1930-12,-0.11805807,NPY
1931-01,0.1264292121212121,NPY
1931-02,0.14499122222222222,NPY
1931-03,-0.0763418,NPY
1931-04,-0.14311201,NPY
1931-05,-0.14690578571428572,NPY
1931-06,0.1864560101010101,NPY
1931-07,-0.08536757,NPY
1931-08,-0.021573333333333333,NPY
1931-09,-0.32025808080808077,NPY
1931-10,0.13108936,NPY
1931-11,-0.08499181818181818,NPY
1931-12,-0.19930361224489795,NPY
1932-01,0.12821019,NPY
1932-02,0.00786541,NPY
1932-03,-0.1396968585858586,NPY
1932-04,-0.17258843434343435,NPY
1932-05,-0.26855424,NPY
1932-06,0.09425558163265306,NPY
1932-07,0.4681499,NPY
1932-08,0.56691749,NPY
1932-09,-0.06104793,NPY
1932-10,-0.13190564646464648,NPY
1932-11,-0.04223367676767677,NPY
1932-12,-0.0026347244897959175,NPY
1933-01,0.0666143,NPY
1933-02,-0.13347315151515152,NPY
1933-03,0.08308927272727272,NPY
1933-04,0.37094603,NPY
1933-05,0.39101129,NPY
1933-06,0.19922055102040814,NPY
1933-07,-0.08275036999999999,NPY
1933-08,0.09607270408163265,NPY
1933-09,-0.08325994897959184,NPY
1933-10,-0.08273021212121212,NPY
1933-11,0.055211249999999996,NPY
1933-12,0.010242359999999999,NPY
1934-01,0.23177729,NPY
1934-02,0.004005260000000001,NPY
1934-03,0.005919212121212121,NPY
1934-04,0.03318192,NPY
1934-05,-0.06729132323232323,NPY
1934-06,0.023550720000000004,NPY
1934-07,-0.1185721515151515,NPY
1934-08,0.048785230000000006,NPY
1934-09,0.0033007777777777775,NPY
1934-10,0.017455141414141413,NPY
1934-11,0.08410526262626263,NPY
1934-12,0.02428810101010101,NPY
1935-01,-0.01952361,NPY
1935-02,-0.007658399999999999,NPY
1935-03,-0.022430699999999998,NPY
1935-04,0.07400190999999999,NPY
1935-05,0.022909350000000002,NPY
1935-06,0.04939927,NPY
1935-07,0.07822365656565657,NPY
1935-08,0.03831727,NPY
1935-09,0.01439574,NPY
1935-10,0.05313387,NPY
1935-11,0.057888363636363634,NPY
1935-12,0.0410813,NPY
1936-01,0.08813114000000001,NPY
1936-02,0.025265399999999997,NPY
1936-03,-0.0065640510204081634,NPY
1936-04,-0.07316856565656565,NPY
1936-05,0.028545949494949492,NPY
1936-06,0.013819565656565657,NPY
1936-07,0.05591652,NPY
1936-08,0.021317010101010104,NPY
1936-09,0.022216949494949494,NPY
1936-10,0.04477568686868687,NPY
1936-11,0.07013649494949495,NPY
1936-12,-0.013906433438622448,NPY
1937-01,0.05533624242424243,NPY
1937-02,0.02098754,NPY
1937-03,-0.02007848484848485,NPY
1937-04,-0.07754004,NPY
1937-05,-0.01800043,NPY
1937-06,-0.054677439999999994,NPY
1937-07,0.07922119,NPY
1937-08,-0.028894949494949498,NPY
1937-09,-0.14987148,NPY
1937-10,-0.09430688,NPY
1937-11,-0.11657821,NPY
1937-12,-0.10243735353535355,NPY
1938-01,0.05359082,NPY
1938-02,0.05730602,NPY
1938-03,-0.273539,NPY
1938-04,0.1951219292929293,NPY
1938-05,-0.06249515151515151,NPY
1938-06,0.3048037373737374,NPY
1938-07,0.10885795959595959,NPY
1938-08,-0.04851665656565657,NPY
1938-09,-0.01014129292929293,NPY
1938-10,0.12890927,NPY
1938-11,-0.01743188,NPY
1938-12,0.0182089696969697,NPY
1939-01,-0.03198049,NPY
1939-02,0.04621328,NPY
1939-03,-0.08950787,NPY
1939-04,-0.0005630699999999994,NPY
1939-05,0.08257413131313132,NPY
1939-06,-0.057706737373737375,NPY
1939-07,0.09255702020202021,NPY
1939-08,-0.06788592929292929,NPY
1939-09,0.16725571428571429,NPY
1939-10,0.04629891,NPY
1939-11,-0.03094375,NPY
1939-12,0.01341723,NPY
1940-01,0.01648392,NPY
1940-02,0.02294693,NPY
1940-03,0.01582416,NPY
1940-04,0.00876785,NPY
1940-05,-0.23664926,NPY
1940-06,0.05985296,NPY
1940-07,0.05426531,NPY
1940-08,0.02768431,NPY
1940-09,0.040513560000000004,NPY
1940-10,0.04192681,NPY
1940-11,0.00908631,NPY
1940-12,-0.018632720000000002,NPY
1941-01,-0.00162393,NPY
1941-02,-0.011973949494949494,NPY
1941-03,0.011518707070707072,NPY
1941-04,-0.05550554,NPY
1941-05,0.01729106,NPY
1941-06,0.04440404,NPY
1941-07,0.08842017,NPY
1941-08,-0.01065764,NPY
1941-09,-0.01068622,NPY
1941-10,-0.06132800000000001,NPY
1941-11,-0.0178124,NPY
1941-12,-0.10154282,NPY
1942-01,0.12370591000000002,NPY
1942-02,-0.010868710000000002,NPY
1942-03,-0.026986910000000003,NPY
1942-04,-0.02575567676767677,NPY
1942-05,0.049271289999999995,NPY
1942-06,0.02093513131313131,NPY
1942-07,0.03619063,NPY
1942-08,0.028456550000000004,NPY
1942-09,0.03386926,NPY
1942-10,0.08552049,NPY
1942-11,0.0007448399999999991,NPY
1942-12,0.03519650505050505,NPY
1943-01,0.15376241000000002,NPY
1943-02,0.10470660999999999,NPY
1943-03,0.11577783,NPY
1943-04,0.026308639999999998,NPY
1943-05,0.06100418999999999,NPY
1943-06,0.005164299999999999,NPY
1943-07,-0.05912464,NPY
1943-08,0.00526249,NPY
1943-09,0.023069839999999998,NPY
1943-10,0.01426349,NPY
1943-11,-0.08295455,NPY
1943-12,0.08499252,NPY
1944-01,0.051419424242424246,NPY
1944-02,0.0289649898989899,NPY
1944-03,0.044404292929292925,NPY
1944-04,-0.03370957,NPY
1944-05,0.05837354,NPY
1944-06,0.10169244000000001,NPY
1944-07,-0.010403089999999999,NPY
1944-08,0.014203464646464646,NPY
1944-09,0.02935139393939394,NPY
1944-10,0.012155770000000002,NPY
1944-11,0.03739026,NPY
1944-12,0.07433885858585859,NPY
1945-01,0.04288843,NPY
1945-02,0.08831489,NPY
1945-03,-0.055024868686868685,NPY
1945-04,0.07298075,NPY
1945-05,0.01741457,NPY
1945-06,0.0356786,NPY
1945-07,-0.03427365,NPY
1945-08,0.052366130000000004,NPY
1945-09,0.06723818,NPY
1945-10,0.07493175,NPY
1945-11,0.10508414,NPY
1945-12,0.01319576,NPY
1946-01,0.09482980808080808,NPY
1946-02,-0.04786842424242424,NPY
1946-03,0.049262434343434344,NPY
1946-04,0.035594390000000004,NPY
1946-05,0.05775573,NPY
1946-06,-0.05176318,NPY
1946-07,-0.023946420000000003,NPY
1946-08,-0.04229279,NPY
1946-09,-0.1105543,NPY
1946-10,-0.009149450000000002,NPY
1946-11,0.0014511399999999999,NPY
1946-12,0.03653603,NPY
1947-01,0.02762769,NPY
1947-02,-0.004666839999999999,NPY
1947-03,-0.02482188888888889,NPY
1947-04,-0.07625814,NPY
1947-05,-0.04045081,NPY
1947-06,0.050808929999999995,NPY
1947-07,0.05548532,NPY
1947-08,-0.013331889999999999,NPY
1947-09,0.006244519999999999,NPY
1947-10,0.04174722,NPY
1947-11,-0.023479,NPY
1947-12,0.00323011,NPY
1948-01,-0.012112419999999999,NPY
1948-02,-0.0529525,NPY
1948-03,0.10280865,NPY
1948-04,0.01961831,NPY
1948-05,0.08444065,NPY
1948-06,-0.01528291,NPY
1948-07,-0.04599227,NPY
1948-08,-0.00029853000000000025,NPY
1948-09,-0.03520348484848485,NPY
1948-10,0.03561162,NPY
1948-11,-0.09362354,NPY
1948-12,0.0027469400000000007,NPY
1949-01,0.021635770000000002,NPY
1949-02,-0.04624897,NPY
1949-03,0.05630044,NPY
1949-04,-0.04359594000000001,NPY
1949-05,-0.04487619,NPY
1949-06,-0.011244210000000001,NPY
1949-07,0.07028341,NPY
1949-08,0.037225959999999995,NPY
1949-09,0.03496862,NPY
1949-10,0.04135963,NPY
1949-11,0.01846254,NPY
1949-12,0.06926399,NPY
1950-01,0.056203960000000004,NPY
1950-02,0.01799486,NPY
1950-03,-0.00945378,NPY
1950-04,0.045272940000000005,NPY
1950-05,0.04003706,NPY
1950-06,-0.06183956565656566,NPY
1950-07,0.07621046,NPY
1950-08,0.06213954,NPY
1950-09,0.04398221,NPY
1950-10,-0.0036532599999999998,NPY
1950-11,0.029796140000000002,NPY
1950-12,0.07980841,NPY
1951-01,0.09397130000000001,NPY
1951-02,0.01973214,NPY
1951-03,-0.03601492,NPY
1951-04,0.03659531,NPY
1951-05,-0.01742862,NPY
1951-06,-0.06106043,NPY
1951-07,0.06299458,NPY
1951-08,0.043141059999999995,NPY
1951-09,0.026814840000000003,NPY
1951-10,-0.02443808,NPY
1951-11,-0.0006592099999999997,NPY
1951-12,0.01261558,NPY
1952-01,0.01640952,NPY
1952-02,-0.01663549,NPY
1952-03,0.02816605,NPY
1952-04,-0.04950441,NPY
1952-05,0.0183382,NPY
1952-06,0.025345589999999998,NPY
1952-07,0.01114484,NPY
1952-08,0.00368736,NPY
1952-09,-0.02007826,NPY
1952-10,-0.01782621,NPY
1952-11,0.06627907000000001,NPY
1952-12,0.01759255,NPY
1953-01,0.047729669999999995,NPY
1953-02,0.01786091,NPY
1953-03,-0.01279684,NPY
1953-04,-0.02258654,NPY
1953-05,0.01089251,NPY
1953-06,-0.03237818,NPY
1953-07,0.00800219,NPY
1953-08,-0.038961,NPY
1953-09,-0.021157409999999998,NPY
1953-10,0.04517496000000001,NPY
1953-11,0.02425661,NPY
1953-12,-0.02498863,NPY
1954-01,0.07475391,NPY
1954-02,0.0075769900000000005,NPY
1954-03,0.02771191,NPY
1954-04,0.00026832999999999973,NPY
1954-05,0.04214074,NPY
1954-06,0.013159879999999999,NPY
1954-07,0.059363809999999996,NPY
1954-08,0.0010033700000000004,NPY
1954-09,0.04903425132525,NPY
1954-10,-0.00042241999999999974,NPY
1954-11,0.08540924,NPY
1954-12,0.09460800000000001,NPY
1955-01,0.01967125,NPY
1955-02,0.05150655,NPY
1955-03,0.016412480000000004,NPY
1955-04,0.02533794,NPY
1955-05,0.0018269797979797978,NPY
1955-06,0.03037948484848485,NPY
1955-07,0.00833679,NPY
1955-08,0.01798911,NPY
1955-09,-0.014796640000000002,NPY
1955-10,-0.018665535353535354,NPY
1955-11,0.039398636363636365,NPY
1955-12,0.01279768686868687,NPY
1956-01,-0.005792889999999999,NPY
1956-02,0.034478919999999996,NPY
1956-03,0.05008402,NPY
1956-04,0.0058526248614,NPY
1956-05,-0.041333666666666664,NPY
1956-06,0.011235626262626263,NPY
1956-07,0.03298321428571429,NPY
1956-08,-0.01888324742268041,NPY
1956-09,-0.026240214285714283,NPY
1956-10,0.0026788399999999996,NPY
1956-11,-0.006573010000000001,NPY
1956-12,0.0036160399999999996,NPY
1957-01,0.021779229999999997,NPY
1957-02,-0.018877980000000003,NPY
1957-03,0.0114663,NPY
1957-04,0.020066230000000004,NPY
1957-05,0.011909161616161618,NPY
1957-06,-0.003776474747474747,NPY
1957-07,0.00501341,NPY
1957-08,-0.03797881,NPY
1957-09,-0.039648539999999996,NPY
1957-10,-0.05765474,NPY
1957-11,-0.0014069292929292934,NPY
1957-12,-0.0625489797979798,NPY
1958-01,0.12200739000000001,NPY
1958-02,-0.02144444,NPY
1958-03,0.04012369,NPY
1958-04,0.03484295,NPY
1958-05,0.04165355,NPY
1958-06,0.023610730000000003,NPY
1958-07,0.056817656565656564,NPY
1958-08,0.0251437,NPY
1958-09,0.048353075399777776,NPY
1958-10,0.02729086,NPY
1958-11,0.03942993,NPY
1958-12,0.03216472,NPY
1959-01,0.04585875,NPY
1959-02,0.044780040404040405,NPY
1959-03,0.006024510204081632,NPY
1959-04,0.025876820000000002,NPY
1959-05,-7.095000000000018e-05,NPY
1959-06,-0.00893636,NPY
1959-07,0.031059550000000002,NPY
1959-08,-0.014359636363636364,NPY
1959-09,-0.033224949494949495,NPY
1959-10,0.00927613,NPY
1959-11,0.01912705,NPY
1959-12,0.00486147,NPY
1960-01,-0.016004499999999998,NPY
1960-02,0.00825905,NPY
1960-03,-0.02469154,NPY
1960-04,-0.021066515151515152,NPY
1960-05,0.015187632653061224,NPY
1960-06,0.0227405306122449,NPY
1960-07,-0.00405698,NPY
1960-08,0.028984410000000002,NPY
1960-09,-0.05717462,NPY
1960-10,-0.02950471717171717,NPY
1960-11,0.028251232323232324,NPY
1960-12,0.022636464646464644,NPY
1961-01,0.1019217,NPY
1961-02,0.05662412,NPY
1961-03,0.05672215,NPY
1961-04,0.00869454,NPY
1961-05,0.03911187,NPY
1961-06,-0.03122661,NPY
1961-07,0.011565767676767676,NPY
1961-08,0.01851462,NPY
1961-09,-0.025885320000000003,NPY
1961-10,0.02388512,NPY
1961-11,0.02520315,NPY
1961-12,0.011323141414141416,NPY
1962-01,0.01600001,NPY
1962-02,0.018061737373737376,NPY
1962-03,-0.011451704081632654,NPY
1962-04,-0.056681585858585855,NPY
1962-05,-0.05563203030303031,NPY
1962-06,-0.07849522222222223,NPY
1962-07,0.03808782828282828,NPY
1962-08,0.010698030303030303,NPY
1962-09,-0.05457070707070707,NPY
1962-10,-0.01600588,NPY
1962-11,0.12598404,NPY
1962-12,-0.01174330590296,NPY
1963-01,0.09439136363636363,NPY
1963-02,-0.011659434343434345,NPY
1963-03,0.020301878787878785,NPY
1963-04,0.04102393,NPY
1963-05,0.031643642857142856,NPY
1963-06,-0.021957061224489795,NPY
1963-07,-0.00812248484848485,NPY
1963-08,0.03141568686868687,NPY
1963-09,-0.012566525252525253,NPY
1963-10,0.00823484,NPY
1963-11,-0.0056110199999999995,NPY
1963-12,0.007397269999999999,NPY
1964-01,0.024914930000000002,NPY
1964-02,0.022393580000000003,NPY
1964-03,0.03888713,NPY
1964-04,0.00976667,NPY
1964-05,0.00756046,NPY
1964-06,0.015212629999999998,NPY
1964-07,0.0266703,NPY
1964-08,0.00168006,NPY
1964-09,0.022941696969696966,NPY
1964-10,0.00881838,NPY
1964-11,0.0018631199999999998,NPY
1964-12,-0.00805868,NPY
1965-01,0.05835946,NPY
1965-02,0.03194808080808081,NPY
1965-03,0.010345010101010101,NPY
1965-04,0.043156520000000004,NPY
1965-05,-0.004781960000000001,NPY
1965-06,-0.058822070707070705,NPY
1965-07,0.03086506,NPY
1965-08,0.0362182688308,NPY
1965-09,0.03301918181818182,NPY
1965-10,0.03729972,NPY
1965-11,0.050832220000000004,NPY
1965-12,0.03135631,NPY
1966-01,0.04133775757575757,NPY
1966-02,0.008086535353535354,NPY
1966-03,-0.02162267676767677,NPY
1966-04,0.0353240101010101,NPY
1966-05,-0.061977849999999994,NPY
1966-06,-0.00883015,NPY
1966-07,-0.00944204,NPY
1966-08,-0.07611345454545454,NPY
1966-09,-0.021460030303030304,NPY
1966-10,0.02590696,NPY
1966-11,0.00870708,NPY
1966-12,0.023238828282828285,NPY
1967-01,0.15165576767676767,NPY
1967-02,0.010469828282828284,NPY
1967-03,0.04145728282828283,NPY
1967-04,0.03283981,NPY
1967-05,-0.00969895,NPY
1967-06,0.038901030303030305,NPY
1967-07,0.06845495,NPY
1967-08,0.012926591473779997,NPY
1967-09,0.02548865306122449,NPY
1967-10,-0.04474070103092784,NPY
1967-11,-0.0014573505154639177,NPY
1967-12,0.045272896907216496,NPY
1968-01,0.02545093,NPY
1968-02,-0.01800704,NPY
1968-03,-0.00953552,NPY
1968-04,0.07707239,NPY
1968-05,0.045810363636363635,NPY
1968-06,0.0337219,NPY
1968-07,-0.00617441,NPY
1968-08,0.022000199999999998,NPY
1968-09,0.056737171717171714,NPY
1968-10,0.03309549,NPY
1968-11,0.07218785,NPY
1968-12,-0.0014853000000000008,NPY
1969-01,0.00655351,NPY
1969-02,-0.057108809999999996,NPY
1969-03,-0.002223020202020202,NPY
1969-04,0.010544313131313132,NPY
1969-05,-0.01062209090909091,NPY
1969-06,-0.07313721428571429,NPY
1969-07,-0.04360763,NPY
1969-08,0.00759661,NPY
1969-09,-0.02051942,NPY
1969-10,0.06692508,NPY
1969-11,-0.051129930000000004,NPY
1969-12,-0.028690727272727274,NPY
1970-01,-0.026725509999999997,NPY
1970-02,0.04906343,NPY
1970-03,0.024007479591836738,NPY
1970-04,-0.08012147,NPY
1970-05,-0.06514136,NPY
1970-06,-0.0467288,NPY
1970-07,0.07384963,NPY
1970-08,0.052804330000000003,NPY
1970-09,0.04910967,NPY
1970-10,-0.0283363,NPY
1970-11,0.0584736,NPY
1970-12,0.08124791,NPY
1971-01,0.07871299,NPY
1971-02,0.01242919,NPY
1971-03,0.03169975,NPY
1971-04,0.02434627,NPY
1971-05,-0.03757988,NPY
1971-06,-0.021944696969696968,NPY
1971-07,-0.03830905,NPY
1971-08,0.04981175,NPY
1971-09,-0.0261836,NPY
1971-10,-0.05116558,NPY
1971-11,-0.0188669,NPY
1971-12,0.10801848,NPY
1972-01,0.04514368686868687,NPY
1972-02,0.011047444444444447,NPY
1972-03,0.003819555555555555,NPY
1972-04,-0.0035660505050505056,NPY
1972-05,-0.00976527551020408,NPY
1972-06,-0.019082989795918368,NPY
1972-07,-0.005908424242424243,NPY
1972-08,0.054197858585858585,NPY
1972-09,-0.01514158585858586,NPY
1972-10,0.011849269999999999,NPY
1972-11,0.07130338383838383,NPY
1972-12,-0.021488171717171718,NPY
1973-01,-0.02974809,NPY
1973-02,-0.037755010000000006,NPY
1973-03,-0.007474810000000001,NPY
1973-04,-0.03084383,NPY
1973-05,-0.05110854,NPY
1973-06,-0.02711446,NPY
1973-07,0.060384020000000004,NPY
1973-08,-0.03118291,NPY
1973-09,0.09550676000000001,NPY
1973-10,0.0039124599999999995,NPY
1973-11,-0.11870973,NPY
1973-12,0.0234903,NPY
1974-01,0.09984598,NPY
1974-02,0.01301825,NPY
1974-03,-0.00697303,NPY
1974-04,-0.046034,NPY
1974-05,-0.059468889999999996,NPY
1974-06,-0.03752125,NPY
1974-07,-0.01290028,NPY
1974-08,-0.05559633,NPY
1974-09,-0.030973680000000003,NPY
1974-10,0.08067141414141414,NPY
1974-11,-0.04289805050505051,NPY
1974-12,-0.029247870000000002,NPY
1975-01,0.26315119,NPY
1975-02,0.02755869,NPY
1975-03,0.06461713,NPY
1975-04,0.015559090000000003,NPY
1975-05,0.044622390000000005,NPY
1975-06,0.07197574747474748,NPY
1975-07,-0.0228306,NPY
1975-08,-0.01754751,NPY
1975-09,-0.02276875,NPY
1975-10,0.04686327551020408,NPY
1975-11,0.03462682828282828,NPY
1975-12,-0.002149646464646464,NPY
1976-01,0.16227258585858587,NPY
1976-02,0.042969424242424246,NPY
1976-03,0.021541163265306123,NPY
1976-04,-0.0047897600000000005,NPY
1976-05,-0.00803556,NPY
1976-06,0.056445959999999996,NPY
1976-07,0.012523484848484848,NPY
1976-08,0.005134010204081633,NPY
1976-09,0.02082756565656566,NPY
1976-10,0.007086589999999999,NPY
1976-11,0.03616719,NPY
1976-12,0.09476518,NPY
1977-01,-0.00875142,NPY
1977-02,-0.012572209999999999,NPY
1977-03,0.01183117,NPY
1977-04,0.016141179999999998,NPY
1977-05,-0.00862676,NPY
1977-06,0.04103589999999999,NPY
1977-07,-0.00788062,NPY
1977-08,-0.0192892,NPY
1977-09,-0.00415421,NPY
1977-10,-0.015701363636363635,NPY
1977-11,0.06340444444444444,NPY
1977-12,0.01503641414141414,NPY
1978-01,-0.03592332,NPY
1978-02,0.001160878787878788,NPY
1978-03,0.05654733,NPY
1978-04,0.06638814,NPY
1978-05,0.0347911,NPY
1978-06,-0.01318949,NPY
1978-07,0.04979368,NPY
1978-08,0.06680741,NPY
1978-09,-0.00473758,NPY
1978-10,-0.13117599,NPY
1978-11,0.03637621,NPY
1978-12,0.01838575,NPY
1979-01,0.07184054081632653,NPY
1979-02,-0.020306591836734694,NPY
1979-03,0.07370247959183673,NPY
1979-04,0.02051648,NPY
1979-05,-0.00104505,NPY
1979-06,0.041657626262626264,NPY
1979-07,0.03779324,NPY
1979-08,0.06124619,NPY
1979-09,-0.0026262200000000003,NPY
1979-10,-0.07364229,NPY
1979-11,0.06448164,NPY
1979-12,0.02868957,NPY
1980-01,0.045666469999999994,NPY
1980-02,-0.04558982,NPY
1980-03,-0.1091720612244898,NPY
1980-04,0.07159663,NPY
1980-05,0.08931984,NPY
1980-06,0.03919785,NPY
1980-07,0.05758891,NPY
1980-08,0.02865819,NPY
1980-09,0.01896862,NPY
1980-10,0.0015956599999999998,NPY
1980-11,0.01026794,NPY
1980-12,0.0013606969696969703,NPY
1981-01,-0.00505108,NPY
1981-02,0.030604717171717172,NPY
1981-03,0.07969680808080808,NPY
1981-04,0.017744571428571426,NPY
1981-05,0.017655408163265305,NPY
1981-06,0.023437907216494844,NPY
1981-07,-0.00745285,NPY
1981-08,-0.042291600000000006,NPY
1981-09,-0.04653118,NPY
1981-10,0.0625219090909091,NPY
1981-11,0.046705303030303034,NPY
1981-12,-0.014599828282828284,NPY
1982-01,-0.023584019999999997,NPY
1982-02,-0.03102195,NPY
1982-03,0.009697909999999999,NPY
1982-04,0.037916255102040816,NPY
1982-05,-0.03059650505050505,NPY
1982-06,-0.008750051020408165,NPY
1982-07,-0.019068747474747474,NPY
1982-08,0.12084446464646464,NPY
1982-09,0.03991717171717172,NPY
1982-10,0.12530431,NPY
1982-11,0.04575479797979798,NPY
1982-12,0.010008928571428571,NPY
1983-01,0.02764271717171717,NPY
1983-02,0.03844237373737373,NPY
1983-03,0.06375615306122448,NPY
1983-04,0.08400072727272727,NPY
1983-05,0.045493860000000004,NPY
1983-06,0.040620111111111114,NPY
1983-07,-0.013626590000000001,NPY
1983-08,0.00934635,NPY
1983-09,0.05586603980465,NPY
1983-10,-0.01047119191919192,NPY
1983-11,0.035032,NPY
1983-12,0.006705515151515152,NPY
1984-01,0.00673075,NPY
1984-02,-0.011758329999999999,NPY
1984-03,0.014170099999999998,NPY
1984-04,0.01060464,NPY
1984-05,-0.04949455999999999,NPY
1984-06,0.03860239795918368,NPY
1984-07,-0.021748180000000002,NPY
1984-08,0.11436109,NPY
1984-09,0.03685884848484849,NPY
1984-10,0.00436637,NPY
1984-11,0.014113463917525772,NPY
1984-12,0.01889520618556701,NPY
1985-01,0.09174488888888889,NPY
1985-02,0.031576929292929296,NPY
1985-03,0.010571673469387756,NPY
1985-04,0.008744809999999999,NPY
1985-05,0.06543350505050505,NPY
1985-06,0.028075030303030307,NPY
1985-07,0.006920040404040404,NPY
1985-08,0.000874888888888889,NPY
1985-09,-0.024634257731958764,NPY
1985-10,0.04987294949494949,NPY
1985-11,0.05787066326530613,NPY
1985-12,0.029691541666666668,NPY
1986-01,0.00964737373737374,NPY
1986-02,0.09059467346938775,NPY
1986-03,0.039600673469387754,NPY
1986-04,-0.00119346,NPY
1986-05,0.061163282828282824,NPY
1986-06,0.016722747474747477,NPY
1986-07,-0.05459752,NPY
1986-08,0.09251488000000001,NPY
1986-09,-0.05913545454545454,NPY
1986-10,0.071144,NPY
1986-11,0.009184816326530612,NPY
1986-12,-0.020333458333333335,NPY
1987-01,0.12579402,NPY
1987-02,0.042037262626262624,NPY
1987-03,0.023782232323232323,NPY
1987-04,-0.01160863,NPY
1987-05,0.00999028,NPY
1987-06,0.048347575757575756,NPY
1987-07,0.03114897,NPY
1987-08,0.03289156,NPY
1987-09,-0.011165000000000001,NPY
1987-10,-0.20390957,NPY
1987-11,-0.05662216,NPY
1987-12,0.05208114,NPY
1988-01,0.07150991000000001,NPY
1988-02,0.07110572,NPY
1988-03,0.021442839999999998,NPY
1988-04,0.006396939393939395,NPY
1988-05,0.0203774693877551,NPY
1988-06,0.052185195876288656,NPY
1988-07,-0.0172624,NPY
1988-08,-0.01769293,NPY
1988-09,0.03837029,NPY
1988-10,0.02299307,NPY
1988-11,-0.03607531632653061,NPY
1988-12,0.022055556701030928,NPY
1989-01,0.07027038000000001,NPY
1989-02,-0.006436540000000001,NPY
1989-03,0.008777918367346938,NPY
1989-04,0.049087565656565656,NPY
1989-05,0.04823211224489796,NPY
1989-06,-0.009623632653061223,NPY
1989-07,0.08333082000000001,NPY
1989-08,0.04517666326530612,NPY
1989-09,-0.008565102040816328,NPY
1989-10,-0.05280964646464647,NPY
1989-11,0.008472858585858585,NPY
1989-12,0.021616757575757574,NPY
1990-01,-0.0758450505050505,NPY
1990-02,0.010516030303030305,NPY
1990-03,0.03458627551020408,NPY
1990-04,-0.03943515151515151,NPY
1990-05,0.07914778787878789,NPY
1990-06,-0.008593373737373736,NPY
1990-07,-0.004131,NPY
1990-08,-0.10228868078212121,NPY
1990-09,-0.07694052040816327,NPY
1990-10,-0.04789544999999999,NPY
1990-11,0.10510186868686869,NPY
1990-12,0.0460209797979798,NPY
1991-01,0.076675,NPY
1991-02,0.09245025999999999,NPY
1991-03,0.042084141414141414,NPY
1991-04,0.023538589999999998,NPY
1991-05,0.05635652,NPY
1991-06,-0.03993631,NPY
1991-07,0.04297355,NPY
1991-08,0.02624313,NPY
1991-09,-0.0014483298969072158,NPY
1991-10,0.03744805,NPY
1991-11,-0.03334583,NPY
1991-12,0.08686635000000001,NPY
1992-01,0.0004900800000000002,NPY
1992-02,0.02446499,NPY
1992-03,-0.0235703719340202,NPY
1992-04,0.02691481,NPY
1992-05,0.01037439,NPY
1992-06,-0.00294938,NPY
1992-07,0.04924289,NPY
1992-08,-0.01701454,NPY
1992-09,0.01436552,NPY
1992-10,0.015036579999999999,NPY
1992-11,0.028780760000000002,NPY
1992-12,0.04354476,NPY
1993-01,0.01128319,NPY
1993-02,0.00809089,NPY
1993-03,0.02897923,NPY
1993-04,-0.01841106,NPY
1993-05,0.03734791919191919,NPY
1993-06,0.014230561224489796,NPY
1993-07,0.004581190000000001,NPY
1993-08,0.03593309,NPY
1993-09,0.00301133,NPY
1993-10,0.01632234,NPY
1993-11,-0.00578565,NPY
1993-12,0.030440900000000003,NPY
1994-01,0.01914937,NPY
1994-02,-0.01429015,NPY
1994-03,-0.029561349999999997,NPY
1994-04,0.003528848484848485,NPY
1994-05,0.0025146363636363643,NPY
1994-06,-0.013595323232323231,NPY
1994-07,0.040429848484848485,NPY
1994-08,0.05146557142857142,NPY
1994-09,-0.016477418367346938,NPY
1994-10,0.01370417,NPY
1994-11,-0.027416430000000002,NPY
1994-12,0.01708268,NPY
1995-01,0.0413068,NPY
1995-02,0.04022116,NPY
1995-03,0.00870403,NPY
1995-04,0.025685009999999998,NPY
1995-05,0.04997044,NPY
1995-06,0.011932493591659998,NPY
1995-07,0.035341030303030305,NPY
1995-08,0.019578474747474747,NPY
1995-09,0.0417868775510204,NPY
1995-10,-0.0030118587323999992,NPY
1995-11,0.04053077551020408,NPY
1995-12,0.022570020408163267,NPY
1996-01,0.02919696,NPY
1996-02,0.0132859,NPY
1996-03,0.00016650999999999979,NPY
1996-04,0.006898868686868688,NPY
1996-05,0.01542411111111111,NPY
1996-06,-0.0011169393939393945,NPY
1996-07,-0.048819,NPY
1996-08,0.03003854081632653,NPY
1996-09,0.03088446391752577,NPY
1996-10,0.02524601,NPY
1996-11,0.051679909999999996,NPY
1996-12,-0.004204747667313132,NPY
1997-01,0.033908828282828284,NPY
1997-02,0.020989868686868685,NPY
1997-03,-0.040851787878787876,NPY
1997-04,0.02340045,NPY
1997-05,0.05547506,NPY
1997-06,0.04367734,NPY
1997-07,0.06652416,NPY
1997-08,-0.01797402,NPY
1997-09,0.06759518,NPY
1997-10,-0.02485873,NPY
1997-11,0.04255176767676768,NPY
1997-12,0.05243762626262626,NPY
1998-01,-0.016122440000000002,NPY
1998-02,0.07308491,NPY
1998-03,0.05519282345647959,NPY
1998-04,0.005065636363636363,NPY
1998-05,-0.007909938775510205,NPY
1998-06,0.006357309278350514,NPY
1998-07,-0.03743233,NPY
1998-08,-0.11911791000000001,NPY
1998-09,0.03836137,NPY
1998-10,0.07830411224489796,NPY
1998-11,0.03529519587628866,NPY
1998-12,0.019187208333333334,NPY
1999-01,-0.026091829999999996,NPY
1999-02,-0.02374445,NPY
1999-03,0.032814612244897956,NPY
1999-04,0.10696791,NPY
1999-05,0.01479336,NPY
1999-06,0.03561808163265306,NPY
1999-07,-0.012431270000000001,NPY
1999-08,-0.04136541666666666,NPY
1999-09,-0.03725125,NPY
1999-10,0.02704284536082474,NPY
1999-11,-0.016273546391752575,NPY
1999-12,0.028128927835051547,NPY
2000-01,-0.05855806,NPY
2000-02,-0.07337154545454545,NPY
2000-03,0.1492266224489796,NPY
2000-04,0.02217539,NPY
2000-05,0.04036614141414142,NPY
2000-06,-0.04278657731958763,NPY
2000-07,0.03761621,NPY
2000-08,0.06484031313131312,NPY
2000-09,0.015691520408163264,NPY
2000-10,0.04406861616161616,NPY
2000-11,0.0012771020408163258,NPY
2000-12,0.07917860204081632,NPY
2001-01,0.04691307142857143,NPY
2001-02,0.010934350515463917,NPY
2001-03,-0.026315556701030928,NPY
2001-04,0.06401369,NPY
2001-05,0.03632331,NPY
2001-06,-0.00953107,NPY
2001-07,0.02827557575757576,NPY
2001-08,-0.007105734693877552,NPY
2001-09,-0.08335113265306124,NPY
2001-10,0.01165919,NPY
2001-11,0.08515777777777778,NPY
2001-12,0.028498377274525248,NPY
2002-01,0.017869353535353537,NPY
2002-02,0.01596379797979798,NPY
2002-03,0.0603159696969697,NPY
2002-04,0.01867714,NPY
2002-05,-0.0007408000000000002,NPY
2002-06,-0.06715683,NPY
2002-07,-0.07028336,NPY
2002-08,0.01958605,NPY
2002-09,-0.09366588999999999,NPY
2002-10,0.030907020000000004,NPY
2002-11,0.06005376,NPY
2002-12,-0.00693747,NPY
2003-01,-0.020372340000000003,NPY
2003-02,-0.02454038,NPY
2003-03,0.00966174,NPY
2003-04,0.07974646,NPY
2003-05,0.09125094,NPY
2003-06,0.016348249999999998,NPY
2003-07,0.0356920101010101,NPY
2003-08,0.024946744897959183,NPY
2003-09,0.0005257653061224493,NPY
2003-10,0.07020693663464,NPY
2003-11,0.02381982828282828,NPY
2003-12,0.02566427272727273,NPY
2004-01,0.019804181818181818,NPY
2004-02,0.03037964285714286,NPY
2004-03,0.003067581632653061,NPY
2004-04,-0.021872790000000003,NPY
2004-05,0.01515848,NPY
2004-06,0.01950367634272,NPY
2004-07,-0.027833663265306122,NPY
2004-08,0.011077422680412372,NPY
2004-09,0.0192261960085567,NPY
2004-10,0.016669434343434344,NPY
2004-11,0.05007755555555555,NPY
2004-12,0.042359151515151516,NPY
2005-01,-0.02454885,NPY
2005-02,0.01920159,NPY
2005-03,0.0033909898989898987,NPY
2005-04,-0.026689340000000002,NPY
2005-05,0.04106187,NPY
2005-06,0.018314900000000002,NPY
2005-07,0.04055498,NPY
2005-08,-0.012211689999999999,NPY
2005-09,-0.0026671599999999996,NPY
2005-10,-0.026341589999999998,NPY
2005-11,0.04258169,NPY
2005-12,0.00224915,NPY
2006-01,0.03294155,NPY
2006-02,0.0108682,NPY
2006-03,0.02222064,NPY
2006-04,0.014064212121212121,NPY
2006-05,-0.02054340404040404,NPY
2006-06,0.006924357142857142,NPY
2006-07,-0.0045699799999999995,NPY
2006-08,0.0255609898989899,NPY
2006-09,0.028782838383838383,NPY
2006-10,0.031405444444444444,NPY
2006-11,0.029956783505154638,NPY
2006-12,0.010200639175257731,NPY
2007-01,0.03541068,NPY
2007-02,8.806999999999939e-05,NPY
2007-03,0.0063205100000000005,NPY
2007-04,0.04766405,NPY
2007-05,0.04544019191919192,NPY
2007-06,-0.02140208080808081,NPY
2007-07,-0.03833994,NPY
2007-08,0.0004969400000000003,NPY
2007-09,0.009156919191919192,NPY
2007-10,0.01508030303030303,NPY
2007-11,-0.05201782291666667,NPY
2007-12,-0.017295715789473684,NPY
2008-01,-0.03512926,NPY
2008-02,-0.04332253,NPY
2008-03,-0.01072238,NPY
2008-04,0.06260786,NPY
2008-05,0.02110533,NPY
2008-06,-0.11057784311137756,NPY
2008-07,0.01939013131313131,NPY
2008-08,0.034791979797979794,NPY
2008-09,-0.07158356382978724,NPY
2008-10,-0.19105094932955557,NPY
2008-11,-0.12020913265306123,NPY
2008-12,0.0717057482699293,NPY
2009-01,-0.09276898989898989,NPY
2009-02,-0.11863829292929293,NPY
2009-03,0.13524764,NPY
2009-04,0.15788284,NPY
2009-05,0.06494965,NPY
2009-06,-0.00815135,NPY
2009-07,0.0931370606060606,NPY
2009-08,0.07661121212121212,NPY
2009-09,0.03859651515151515,NPY
2009-10,-0.022985877551020405,NPY
2009-11,0.05727279591836734,NPY
2009-12,0.042306275510204085,NPY
2010-01,-0.02322701,NPY
2010-02,0.04519769,NPY
2010-03,0.06416344,NPY
2010-04,0.018811666666666668,NPY
2010-05,-0.050746262626262625,NPY
2010-06,-0.051897787878787884,NPY
2010-07,0.04479877,NPY
2010-08,-0.050877780000000004,NPY
2010-09,0.10714781818181819,NPY
2010-10,0.03320173,NPY
2010-11,0.00786675,NPY
2010-12,0.04672869,NPY
2011-01,0.01723093,NPY
2011-02,0.04726293,NPY
2011-03,0.0201645,NPY
2011-04,0.04079509,NPY
2011-05,-0.004314551020408164,NPY
2011-06,-0.01068865306122449,NPY
2011-07,-0.035375010000000005,NPY
2011-08,-0.05579643,NPY
2011-09,-0.059545709999999995,NPY
2011-10,0.12054076999999999,NPY
2011-11,0.01336752,NPY
2011-12,0.01506607,NPY
2012-01,0.04207358,NPY
2012-02,0.04374589,NPY
2012-03,0.020719666666666667,NPY
2012-04,0.003552,NPY
2012-05,-0.07872352,NPY
2012-06,0.04070256565656566,NPY
2012-07,-0.01118652,NPY
2012-08,0.04139021,NPY
2012-09,0.02840174,NPY
2012-10,-0.0011613979591836732,NPY
2012-11,0.01827637755102041,NPY
2012-12,0.012282102040816326,NPY
2013-01,0.06369651020408162,NPY
2013-02,0.020593336734693875,NPY
2013-03,0.06468578571428571,NPY
2013-04,0.013377410000000001,NPY
2013-05,0.03886882,NPY
2013-06,-0.00977464,NPY
2013-07,0.07834876,NPY
2013-08,-0.037200739999999996,NPY
2013-09,0.04874607142857143,NPY
2013-10,0.04716835,NPY
2013-11,0.03783248,NPY
2013-12,0.02795013,NPY
2014-01,-0.04255931,NPY
2014-02,0.059066780000000006,NPY
2014-03,0.01105763,NPY
2014-04,0.00579278,NPY
2014-05,0.020498569999999997,NPY
2014-06,0.02350101,NPY
2014-07,-0.009136799999999999,NPY
2014-08,0.04181079000000001,NPY
2014-09,-0.03620598,NPY
2014-10,0.02905546464646465,NPY
2014-11,0.02839659595959596,NPY
2014-12,-0.0009432653061224485,NPY
2015-01,-0.027234666666666667,NPY
2015-02,0.06828743434343434,NPY
2015-03,-0.0071119393939393935,NPY
2015-04,0.0007444099999999999,NPY
2015-05,-0.0016312600000000007,NPY
2015-06,-0.0209938,NPY
2015-07,-0.0033976399999999995,NPY
2015-08,-0.050025820000000006,NPY
2015-09,-0.04140532,NPY
2015-10,0.07364595,NPY
2015-11,-0.0077205699999999995,NPY
2015-12,-0.040176949999999996,NPY
2016-01,-0.04985046464646465,NPY
2016-02,0.024256838383838384,NPY
2016-03,0.06712914141414142,NPY
2016-04,-0.004162979999999999,NPY
2016-05,0.012305390000000001,NPY
2016-06,-0.01334606,NPY
2016-07,0.06033143,NPY
2016-08,0.03195938,NPY
2016-09,-0.0008496666666666665,NPY
2016-10,-0.00891843,NPY
2016-11,0.08935012121212121,NPY
2016-12,0.008776737373737374,NPY
